#chr	start	end	strand	transcript	gene	AED	QI2
9	324707	327194	-	transcript:Zm00001d044724_T002	gene:Zm00001d044724	0.33	0.5
9	177328	186929	-	transcript:Zm00001d044720_T002	gene:Zm00001d044720	0.34	0.37
9	177328	186929	-	transcript:Zm00001d044720_T003	gene:Zm00001d044720	0.36	0.42
9	177335	182479	-	transcript:Zm00001d044720_T005	gene:Zm00001d044720	0.18	0.75
9	177336	182568	-	transcript:Zm00001d044720_T006	gene:Zm00001d044720	0.19	0.71
9	650593	652094	+	transcript:Zm00001d044731_T001	gene:Zm00001d044731	0.26	0.33
9	699500	706705	+	transcript:Zm00001d044733_T002	gene:Zm00001d044733	0.33	0.44
9	827046	829975	+	transcript:Zm00001d044738_T002	gene:Zm00001d044738	0.35	0.33
9	975353	978385	-	transcript:Zm00001d044743_T001	gene:Zm00001d044743	0.15	0.6
9	1151364	1153381	+	transcript:Zm00001d044749_T001	gene:Zm00001d044749	0.34	0.5
9	877975	886143	+	transcript:Zm00001d044740_T005	gene:Zm00001d044740	0.38	0.57
9	877975	886143	+	transcript:Zm00001d044740_T006	gene:Zm00001d044740	0.38	0.66
9	877975	886143	+	transcript:Zm00001d044740_T003	gene:Zm00001d044740	0.36	0.72
9	877975	886143	+	transcript:Zm00001d044740_T008	gene:Zm00001d044740	0.38	0.7
9	877975	886143	+	transcript:Zm00001d044740_T007	gene:Zm00001d044740	0.37	0.7
9	877975	886143	+	transcript:Zm00001d044740_T004	gene:Zm00001d044740	0.37	0.66
9	877988	886143	+	transcript:Zm00001d044740_T011	gene:Zm00001d044740	0.28	0.62
9	877992	885801	+	transcript:Zm00001d044740_T012	gene:Zm00001d044740	0.15	0.66
9	880584	885801	+	transcript:Zm00001d044740_T039	gene:Zm00001d044740	0.18	0.66
9	883500	884925	+	transcript:Zm00001d044740_T041	gene:Zm00001d044740	0.45	0.5
9	1552223	1562434	+	transcript:Zm00001d044759_T001	gene:Zm00001d044759	0.16	0.5
9	1356219	1357911	-	transcript:Zm00001d044755_T001	gene:Zm00001d044755	0.13	0.5
9	1858294	1865125	-	transcript:Zm00001d044766_T005	gene:Zm00001d044766	0.33	0.66
9	3121648	3125145	+	transcript:Zm00001d044809_T001	gene:Zm00001d044809	0.25	0.55
9	3126310	3127025	+	transcript:Zm00001d044810_T001	gene:Zm00001d044810	0.01	0.5
9	2475336	2480404	-	transcript:Zm00001d044789_T001	gene:Zm00001d044789	0.30	0.6
9	2550837	2554869	-	transcript:Zm00001d044793_T003	gene:Zm00001d044793	0.45	0.72
9	2550837	2554869	-	transcript:Zm00001d044793_T002	gene:Zm00001d044793	0.46	0.7
9	2551643	2554869	-	transcript:Zm00001d044793_T004	gene:Zm00001d044793	0.49	0.62
9	2558255	2563431	-	transcript:Zm00001d044795_T001	gene:Zm00001d044795	0.29	0.33
9	3515909	3525496	-	transcript:Zm00001d044815_T002	gene:Zm00001d044815	0.12	0.75
9	4443811	4445776	+	transcript:Zm00001d044833_T002	gene:Zm00001d044833	0.12	0.5
9	3920000	3927238	-	transcript:Zm00001d044823_T008	gene:Zm00001d044823	0.17	0.62
9	3920001	3927032	-	transcript:Zm00001d044823_T009	gene:Zm00001d044823	0.18	0.57
9	3920013	3925180	-	transcript:Zm00001d044823_T013	gene:Zm00001d044823	0.24	0.66
9	4597950	4605486	+	transcript:Zm00001d044835_T003	gene:Zm00001d044835	0.36	0.6
9	4598146	4605486	+	transcript:Zm00001d044835_T019	gene:Zm00001d044835	0.40	0.53
9	4962424	4965816	-	transcript:Zm00001d044844_T001	gene:Zm00001d044844	0.20	0.33
9	5023325	5034624	+	transcript:Zm00001d044845_T001	gene:Zm00001d044845	0.10	0.4
9	5043458	5055287	-	transcript:Zm00001d044846_T001	gene:Zm00001d044846	0.24	0.75
9	5309527	5313402	-	transcript:Zm00001d044855_T001	gene:Zm00001d044855	0.13	0.66
9	5652030	5665126	+	transcript:Zm00001d044860_T004	gene:Zm00001d044860	0.28	0.66
9	5652030	5665126	+	transcript:Zm00001d044860_T005	gene:Zm00001d044860	0.26	0.42
9	5906668	5907820	+	transcript:Zm00001d044868_T001	gene:Zm00001d044868	0.08	0.5
9	5913634	5918967	-	transcript:Zm00001d044869_T001	gene:Zm00001d044869	0.46	0.6
9	6328420	6344345	+	transcript:Zm00001d044878_T001	gene:Zm00001d044878	0.21	0.7
9	6328420	6370299	+	transcript:Zm00001d044878_T002	gene:Zm00001d044878	0.16	0.75
9	6348387	6370299	+	transcript:Zm00001d044878_T004	gene:Zm00001d044878	0.49	0.4
9	6281845	6286526	+	transcript:Zm00001d044877_T003	gene:Zm00001d044877	0.22	0.75
9	7175186	7182349	+	transcript:Zm00001d044916_T002	gene:Zm00001d044916	0.29	0.73
9	7175186	7182349	+	transcript:Zm00001d044916_T001	gene:Zm00001d044916	0.28	0.75
9	6651249	6652893	+	transcript:Zm00001d044896_T001	gene:Zm00001d044896	0.34	0.5
9	6674782	6677090	+	transcript:Zm00001d044897_T001	gene:Zm00001d044897	0.31	0.4
9	6763127	6768077	-	transcript:Zm00001d044902_T001	gene:Zm00001d044902	0.32	0.66
9	6872461	6874919	-	transcript:Zm00001d044905_T001	gene:Zm00001d044905	0.15	0.33
9	7558850	7563445	+	transcript:Zm00001d044929_T002	gene:Zm00001d044929	0.29	0.71
9	7559235	7563373	+	transcript:Zm00001d044929_T006	gene:Zm00001d044929	0.23	0.75
9	7729797	7733316	-	transcript:Zm00001d044935_T001	gene:Zm00001d044935	0.23	0.33
9	7729797	7733316	-	transcript:Zm00001d044935_T002	gene:Zm00001d044935	0.27	0.5
9	7824015	7834292	-	transcript:Zm00001d044940_T005	gene:Zm00001d044940	0.09	0.66
9	7824016	7832592	-	transcript:Zm00001d044940_T006	gene:Zm00001d044940	0.45	0.5
9	8045241	8049094	-	transcript:Zm00001d044947_T001	gene:Zm00001d044947	0.08	0.5
9	8214722	8216278	+	transcript:Zm00001d044956_T001	gene:Zm00001d044956	0.19	0.5
9	8223716	8225498	+	transcript:Zm00001d044959_T001	gene:Zm00001d044959	0.43	0.75
9	8302212	8307335	+	transcript:Zm00001d044961_T005	gene:Zm00001d044961	0.32	0.75
9	8669291	8673595	+	transcript:Zm00001d044973_T002	gene:Zm00001d044973	0.15	0.75
9	9672540	9673207	+	transcript:Zm00001d044998_T001	gene:Zm00001d044998	0.21	0.5
9	9316235	9319476	+	transcript:Zm00001d044983_T001	gene:Zm00001d044983	0.21	0.75
9	9318160	9319476	+	transcript:Zm00001d044983_T002	gene:Zm00001d044983	0.37	0.5
9	9326845	9339769	+	transcript:Zm00001d044985_T004	gene:Zm00001d044985	0.25	0.71
9	9327089	9339769	+	transcript:Zm00001d044985_T011	gene:Zm00001d044985	0.34	0.75
9	9471212	9472147	+	transcript:Zm00001d044990_T001	gene:Zm00001d044990	0.15	0.75
9	9478704	9483288	+	transcript:Zm00001d044992_T001	gene:Zm00001d044992	0.14	0.33
9	9521891	9523869	-	transcript:Zm00001d044996_T001	gene:Zm00001d044996	0.07	0.5
9	10275456	10287333	-	transcript:Zm00001d045015_T001	gene:Zm00001d045015	0.21	0.66
9	10449711	10453565	-	transcript:Zm00001d045021_T001	gene:Zm00001d045021	0.43	0.33
9	10449814	10457891	-	transcript:Zm00001d045021_T009	gene:Zm00001d045021	0.43	0.66
9	10449952	10457056	-	transcript:Zm00001d045021_T010	gene:Zm00001d045021	0.17	0.66
9	10449985	10453565	-	transcript:Zm00001d045021_T011	gene:Zm00001d045021	0.44	0.33
9	10466380	10471002	-	transcript:Zm00001d045025_T001	gene:Zm00001d045025	0.29	0.75
9	10466380	10471300	-	transcript:Zm00001d045025_T002	gene:Zm00001d045025	0.22	0.66
9	10466380	10471375	-	transcript:Zm00001d045025_T004	gene:Zm00001d045025	0.27	0.75
9	10505361	10517524	-	transcript:Zm00001d045026_T001	gene:Zm00001d045026	0.22	0.63
9	10624258	10628083	+	transcript:Zm00001d045029_T003	gene:Zm00001d045029	0.37	0.57
9	10771542	10772770	-	transcript:Zm00001d045037_T001	gene:Zm00001d045037	0.10	0.66
9	11145384	11149540	+	transcript:Zm00001d045049_T001	gene:Zm00001d045049	0.33	0.75
9	11221592	11224729	+	transcript:Zm00001d045056_T001	gene:Zm00001d045056	0.26	0.66
9	11221607	11224711	+	transcript:Zm00001d045056_T005	gene:Zm00001d045056	0.12	0.66
9	11299042	11312224	+	transcript:Zm00001d045059_T001	gene:Zm00001d045059	0.33	0.5
9	11342668	11344227	+	transcript:Zm00001d045062_T001	gene:Zm00001d045062	0.39	0.5
9	11355535	11361526	-	transcript:Zm00001d045065_T001	gene:Zm00001d045065	0.17	0.75
9	10858894	10869026	+	transcript:Zm00001d045041_T003	gene:Zm00001d045041	0.25	0.75
9	10858894	10869026	+	transcript:Zm00001d045041_T004	gene:Zm00001d045041	0.26	0.73
9	10859010	10869026	+	transcript:Zm00001d045041_T016	gene:Zm00001d045041	0.28	0.73
9	10990528	10992939	-	transcript:Zm00001d045047_T001	gene:Zm00001d045047	0.40	0.5
9	11555106	11562202	-	transcript:Zm00001d045072_T040	gene:Zm00001d045072	0.13	0.75
9	12043810	12047486	+	transcript:Zm00001d045084_T007	gene:Zm00001d045084	0.15	0.5
9	12043810	12047492	+	transcript:Zm00001d045084_T008	gene:Zm00001d045084	0.17	0.6
9	13446264	13449337	+	transcript:Zm00001d045122_T001	gene:Zm00001d045122	0.05	0.5
9	13446429	13449296	+	transcript:Zm00001d045122_T002	gene:Zm00001d045122	0.24	0.66
9	13598516	13604199	-	transcript:Zm00001d045124_T002	gene:Zm00001d045124	0.19	0.75
9	13155113	13156743	+	transcript:Zm00001d045114_T001	gene:Zm00001d045114	0.13	0.5
9	14786516	14794503	-	transcript:Zm00001d045163_T001	gene:Zm00001d045163	0.16	0.66
9	14490771	14494174	-	transcript:Zm00001d045152_T001	gene:Zm00001d045152	0.22	0.5
9	14630522	14638218	-	transcript:Zm00001d045160_T002	gene:Zm00001d045160	0.24	0.66
9	15035401	15041372	-	transcript:Zm00001d045171_T003	gene:Zm00001d045171	0.16	0.71
9	15035401	15041372	-	transcript:Zm00001d045171_T006	gene:Zm00001d045171	0.19	0.75
9	15035401	15041372	-	transcript:Zm00001d045171_T004	gene:Zm00001d045171	0.05	0.6
9	15042562	15044763	-	transcript:Zm00001d045172_T001	gene:Zm00001d045172	0.27	0.33
9	15312722	15322747	+	transcript:Zm00001d045179_T018	gene:Zm00001d045179	0.35	0.66
9	15312722	15322747	+	transcript:Zm00001d045179_T014	gene:Zm00001d045179	0.33	0.57
9	15312722	15322747	+	transcript:Zm00001d045179_T017	gene:Zm00001d045179	0.38	0.75
9	15312722	15322747	+	transcript:Zm00001d045179_T020	gene:Zm00001d045179	0.39	0.63
9	15312722	15322747	+	transcript:Zm00001d045179_T019	gene:Zm00001d045179	0.37	0.64
9	15312722	15322747	+	transcript:Zm00001d045179_T015	gene:Zm00001d045179	0.38	0.7
9	15312722	15322747	+	transcript:Zm00001d045179_T016	gene:Zm00001d045179	0.37	0.68
9	15312722	15322747	+	transcript:Zm00001d045179_T013	gene:Zm00001d045179	0.38	0.62
9	15316639	15322747	+	transcript:Zm00001d045179_T022	gene:Zm00001d045179	0.42	0.75
9	15338520	15348572	-	transcript:Zm00001d045182_T001	gene:Zm00001d045182	0.40	0.75
9	15338520	15348572	-	transcript:Zm00001d045182_T003	gene:Zm00001d045182	0.41	0.72
9	15349884	15353713	+	transcript:Zm00001d045183_T002	gene:Zm00001d045183	0.26	0.66
9	15921275	15924126	+	transcript:Zm00001d045201_T001	gene:Zm00001d045201	0.12	0.5
9	15924702	15927590	-	transcript:Zm00001d045202_T003	gene:Zm00001d045202	0.24	0.66
9	16041474	16043191	+	transcript:Zm00001d045205_T001	gene:Zm00001d045205	0.31	0.66
9	16249802	16255014	+	transcript:Zm00001d045213_T001	gene:Zm00001d045213	0.35	0.5
9	16249802	16255187	+	transcript:Zm00001d045213_T003	gene:Zm00001d045213	0.23	0.5
9	16402965	16423791	+	transcript:Zm00001d045215_T001	gene:Zm00001d045215	0.37	0.66
9	15650398	15654318	+	transcript:Zm00001d045190_T001	gene:Zm00001d045190	0.30	0.75
9	15650400	15654451	+	transcript:Zm00001d045190_T002	gene:Zm00001d045190	0.28	0.66
9	16505297	16506795	+	transcript:Zm00001d045223_T001	gene:Zm00001d045223	0.18	0.6
9	16505297	16506831	+	transcript:Zm00001d045223_T003	gene:Zm00001d045223	0.30	0.33
9	16505405	16506795	+	transcript:Zm00001d045223_T005	gene:Zm00001d045223	0.19	0.5
9	16513310	16515449	+	transcript:Zm00001d045224_T001	gene:Zm00001d045224	0.35	0.4
9	16743641	16749848	-	transcript:Zm00001d045233_T002	gene:Zm00001d045233	0.05	0.5
9	16743702	16749848	-	transcript:Zm00001d045233_T004	gene:Zm00001d045233	0.09	0.66
9	16759225	16773147	-	transcript:Zm00001d045237_T002	gene:Zm00001d045237	0.29	0.5
9	16759225	16773147	-	transcript:Zm00001d045237_T003	gene:Zm00001d045237	0.30	0.6
9	16759588	16773147	-	transcript:Zm00001d045237_T004	gene:Zm00001d045237	0.36	0.6
9	16480622	16482535	-	transcript:Zm00001d045220_T003	gene:Zm00001d045220	0.22	0.66
9	17143052	17152296	+	transcript:Zm00001d045253_T001	gene:Zm00001d045253	0.40	0.5
9	17244678	17246311	-	transcript:Zm00001d045258_T001	gene:Zm00001d045258	0.30	0.5
9	17051012	17052741	+	transcript:Zm00001d045250_T001	gene:Zm00001d045250	0.33	0.4
9	17733993	17738928	+	transcript:Zm00001d045274_T001	gene:Zm00001d045274	0.38	0.66
9	17401996	17408504	+	transcript:Zm00001d045261_T009	gene:Zm00001d045261	0.46	0.75
9	17401996	17408504	+	transcript:Zm00001d045261_T008	gene:Zm00001d045261	0.47	0.71
9	17431232	17435429	+	transcript:Zm00001d045263_T001	gene:Zm00001d045263	0.39	0.75
9	17431232	17435429	+	transcript:Zm00001d045263_T002	gene:Zm00001d045263	0.38	0.75
9	17594041	17596669	-	transcript:Zm00001d045271_T001	gene:Zm00001d045271	0.41	0.5
9	18043526	18047162	-	transcript:Zm00001d045291_T001	gene:Zm00001d045291	0.24	0.75
9	18057674	18060408	+	transcript:Zm00001d045292_T001	gene:Zm00001d045292	0.33	0.63
9	18176233	18178433	-	transcript:Zm00001d045298_T002	gene:Zm00001d045298	0.26	0.5
9	18529554	18531201	-	transcript:Zm00001d045302_T002	gene:Zm00001d045302	0.14	0.5
9	18913946	18915922	+	transcript:Zm00001d045320_T001	gene:Zm00001d045320	0.33	0.33
9	18914015	18915922	+	transcript:Zm00001d045320_T004	gene:Zm00001d045320	0.19	0.5
9	18914019	18915922	+	transcript:Zm00001d045320_T005	gene:Zm00001d045320	0.34	0.66
9	18914029	18922479	+	transcript:Zm00001d045320_T006	gene:Zm00001d045320	0.33	0.75
9	18914810	18922448	+	transcript:Zm00001d045320_T007	gene:Zm00001d045320	0.37	0.66
9	18935857	18946856	-	transcript:Zm00001d045323_T006	gene:Zm00001d045323	0.26	0.66
9	18943168	18946856	-	transcript:Zm00001d045323_T007	gene:Zm00001d045323	0.41	0.33
9	18949945	18957824	-	transcript:Zm00001d045324_T001	gene:Zm00001d045324	0.41	0.66
9	19103455	19111385	-	transcript:Zm00001d045331_T001	gene:Zm00001d045331	0.26	0.75
9	18782254	18788548	+	transcript:Zm00001d045310_T002	gene:Zm00001d045310	0.36	0.4
9	18806523	18809222	+	transcript:Zm00001d045315_T001	gene:Zm00001d045315	0.44	0.66
9	18810093	18825456	-	transcript:Zm00001d045316_T003	gene:Zm00001d045316	0.16	0.7
9	19517757	19531682	+	transcript:Zm00001d045358_T001	gene:Zm00001d045358	0.21	0.4
9	19796961	19801015	+	transcript:Zm00001d045365_T002	gene:Zm00001d045365	0.35	0.66
9	19796961	19801015	+	transcript:Zm00001d045365_T001	gene:Zm00001d045365	0.36	0.5
9	19216311	19218384	-	transcript:Zm00001d045340_T001	gene:Zm00001d045340	0.43	0.66
9	19216321	19218442	-	transcript:Zm00001d045340_T003	gene:Zm00001d045340	0.33	0.66
9	19216321	19218442	-	transcript:Zm00001d045340_T005	gene:Zm00001d045340	0.30	0.5
9	19216321	19218442	-	transcript:Zm00001d045340_T004	gene:Zm00001d045340	0.35	0.71
9	19416880	19423576	+	transcript:Zm00001d045353_T001	gene:Zm00001d045353	0.40	0.66
9	19416880	19434986	+	transcript:Zm00001d045353_T003	gene:Zm00001d045353	0.27	0.66
9	19416880	19434986	+	transcript:Zm00001d045353_T004	gene:Zm00001d045353	0.28	0.6
9	19424866	19434986	+	transcript:Zm00001d045353_T007	gene:Zm00001d045353	0.36	0.5
9	19446246	19448998	-	transcript:Zm00001d045356_T001	gene:Zm00001d045356	0.38	0.5
9	20521786	20527702	+	transcript:Zm00001d045393_T002	gene:Zm00001d045393	0.41	0.66
9	20623494	20630674	+	transcript:Zm00001d045397_T001	gene:Zm00001d045397	0.20	0.62
9	20378245	20382884	+	transcript:Zm00001d045387_T001	gene:Zm00001d045387	0.34	0.5
9	20398990	20402487	-	transcript:Zm00001d045389_T014	gene:Zm00001d045389	0.36	0.5
9	20679805	20682100	+	transcript:Zm00001d045401_T001	gene:Zm00001d045401	0.24	0.5
9	20241125	20246184	-	transcript:Zm00001d045383_T007	gene:Zm00001d045383	0.25	0.75
9	20246558	20250932	+	transcript:Zm00001d045384_T003	gene:Zm00001d045384	0.19	0.71
9	20086171	20089629	-	transcript:Zm00001d045377_T001	gene:Zm00001d045377	0.27	0.5
9	21622143	21627342	+	transcript:Zm00001d045422_T002	gene:Zm00001d045422	0.30	0.5
9	22321647	22323774	-	transcript:Zm00001d045446_T002	gene:Zm00001d045446	0.36	0.75
9	22148958	22152191	+	transcript:Zm00001d045435_T002	gene:Zm00001d045435	0.39	0.6
9	22149266	22152191	+	transcript:Zm00001d045435_T009	gene:Zm00001d045435	0.37	0.5
9	21877799	21880928	-	transcript:Zm00001d045430_T002	gene:Zm00001d045430	0.27	0.7
9	22516151	22518341	+	transcript:Zm00001d045448_T001	gene:Zm00001d045448	0.30	0.33
9	22474921	22482934	+	transcript:Zm00001d045447_T001	gene:Zm00001d045447	0.13	0.75
9	22955971	22967477	+	transcript:Zm00001d045455_T001	gene:Zm00001d045455	0.36	0.66
9	22969331	22971755	+	transcript:Zm00001d045456_T001	gene:Zm00001d045456	0.05	0.33
9	23010175	23011257	-	transcript:Zm00001d045457_T001	gene:Zm00001d045457	0.25	0.33
9	22778015	22781312	+	transcript:Zm00001d045452_T001	gene:Zm00001d045452	0.16	0.4
9	23444371	23447629	-	transcript:Zm00001d045473_T002	gene:Zm00001d045473	0.16	0.66
9	23488587	23492356	-	transcript:Zm00001d045474_T001	gene:Zm00001d045474	0.15	0.4
9	23630332	23631152	+	transcript:Zm00001d045476_T002	gene:Zm00001d045476	0.32	0.5
9	23631215	23636103	-	transcript:Zm00001d045477_T001	gene:Zm00001d045477	0.31	0.5
9	23107362	23111117	-	transcript:Zm00001d045462_T002	gene:Zm00001d045462	0.38	0.66
9	23107364	23111159	-	transcript:Zm00001d045462_T003	gene:Zm00001d045462	0.38	0.5
9	23107407	23111112	-	transcript:Zm00001d045462_T005	gene:Zm00001d045462	0.41	0.5
9	23107432	23111003	-	transcript:Zm00001d045462_T007	gene:Zm00001d045462	0.38	0.5
9	23107432	23111112	-	transcript:Zm00001d045462_T009	gene:Zm00001d045462	0.38	0.66
9	23107433	23111117	-	transcript:Zm00001d045462_T012	gene:Zm00001d045462	0.36	0.75
9	23107435	23108738	-	transcript:Zm00001d045462_T013	gene:Zm00001d045462	0.38	0.75
9	23107435	23111001	-	transcript:Zm00001d045462_T016	gene:Zm00001d045462	0.38	0.75
9	23107435	23111114	-	transcript:Zm00001d045462_T018	gene:Zm00001d045462	0.36	0.75
9	23107435	23111117	-	transcript:Zm00001d045462_T019	gene:Zm00001d045462	0.36	0.75
9	23107436	23111028	-	transcript:Zm00001d045462_T021	gene:Zm00001d045462	0.39	0.66
9	23151914	23156737	-	transcript:Zm00001d045463_T003	gene:Zm00001d045463	0.45	0.33
9	24098836	24104849	-	transcript:Zm00001d045483_T005	gene:Zm00001d045483	0.35	0.71
9	24098836	24104937	-	transcript:Zm00001d045483_T006	gene:Zm00001d045483	0.33	0.57
9	24426037	24430108	+	transcript:Zm00001d045493_T001	gene:Zm00001d045493	0.26	0.75
9	24459888	24463215	-	transcript:Zm00001d045497_T001	gene:Zm00001d045497	0.25	0.5
9	24297419	24298114	+	transcript:Zm00001d045488_T001	gene:Zm00001d045488	0.47	0.66
9	24299480	24304374	+	transcript:Zm00001d045488_T008	gene:Zm00001d045488	0.22	0.66
9	24646637	24651209	-	transcript:Zm00001d045500_T004	gene:Zm00001d045500	0.45	0.66
9	24756980	24761831	-	transcript:Zm00001d045503_T001	gene:Zm00001d045503	0.19	0.5
9	24831712	24834015	-	transcript:Zm00001d045504_T001	gene:Zm00001d045504	0.32	0.33
9	25027814	25032338	-	transcript:Zm00001d045509_T001	gene:Zm00001d045509	0.38	0.6
9	25027814	25032338	-	transcript:Zm00001d045509_T003	gene:Zm00001d045509	0.39	0.5
9	25059197	25060459	+	transcript:Zm00001d045511_T002	gene:Zm00001d045511	0.40	0.5
9	25059201	25060459	+	transcript:Zm00001d045511_T003	gene:Zm00001d045511	0.42	0.5
9	25257676	25261436	+	transcript:Zm00001d045519_T002	gene:Zm00001d045519	0.16	0.75
9	25257716	25261315	+	transcript:Zm00001d045519_T003	gene:Zm00001d045519	0.21	0.5
9	25509200	25509963	-	transcript:Zm00001d045525_T001	gene:Zm00001d045525	0.15	0.5
9	25841071	25846206	-	transcript:Zm00001d045537_T001	gene:Zm00001d045537	0.28	0.72
9	25841071	25846296	-	transcript:Zm00001d045537_T004	gene:Zm00001d045537	0.28	0.69
9	25841071	25846296	-	transcript:Zm00001d045537_T002	gene:Zm00001d045537	0.28	0.75
9	25843234	25846296	-	transcript:Zm00001d045537_T024	gene:Zm00001d045537	0.50	0.66
9	26822040	26825680	-	transcript:Zm00001d045563_T001	gene:Zm00001d045563	0.13	0.6
9	27069810	27084050	+	transcript:Zm00001d045574_T002	gene:Zm00001d045574	0.35	0.61
9	27069810	27084050	+	transcript:Zm00001d045574_T003	gene:Zm00001d045574	0.35	0.64
9	27087632	27088494	-	transcript:Zm00001d045576_T002	gene:Zm00001d045576	0.39	0.33
9	27262901	27264640	+	transcript:Zm00001d045581_T004	gene:Zm00001d045581	0.44	0.5
9	26523646	26524336	-	transcript:Zm00001d045548_T001	gene:Zm00001d045548	0.46	0.5
9	26655959	26661017	-	transcript:Zm00001d045557_T002	gene:Zm00001d045557	0.37	0.5
9	26655960	26661098	-	transcript:Zm00001d045557_T003	gene:Zm00001d045557	0.11	0.66
9	26672469	26675973	+	transcript:Zm00001d045559_T002	gene:Zm00001d045559	0.21	0.75
9	27788796	27789638	-	transcript:Zm00001d045594_T001	gene:Zm00001d045594	0.34	0.66
9	27328993	27334927	+	transcript:Zm00001d045583_T002	gene:Zm00001d045583	0.26	0.66
9	27329422	27334818	+	transcript:Zm00001d045583_T012	gene:Zm00001d045583	0.43	0.5
9	27537950	27539165	-	transcript:Zm00001d045590_T001	gene:Zm00001d045590	0.43	0.5
9	28491169	28499608	-	transcript:Zm00001d045605_T001	gene:Zm00001d045605	0.16	0.71
9	28893204	28896517	+	transcript:Zm00001d045615_T001	gene:Zm00001d045615	0.36	0.5
9	29279184	29282692	+	transcript:Zm00001d045629_T002	gene:Zm00001d045629	0.30	0.75
9	29081946	29100163	+	transcript:Zm00001d045624_T003	gene:Zm00001d045624	0.37	0.5
9	29081946	29100163	+	transcript:Zm00001d045624_T002	gene:Zm00001d045624	0.34	0.63
9	29081946	29100367	+	transcript:Zm00001d045624_T004	gene:Zm00001d045624	0.38	0.5
9	27929973	27931359	+	transcript:Zm00001d045595_T001	gene:Zm00001d045595	0.16	0.66
9	30352619	30353995	+	transcript:Zm00001d045639_T001	gene:Zm00001d045639	0.11	0.66
9	30486865	30489167	+	transcript:Zm00001d045641_T001	gene:Zm00001d045641	0.16	0.33
9	30775101	30779640	+	transcript:Zm00001d045644_T001	gene:Zm00001d045644	0.43	0.5
9	30795326	30797123	+	transcript:Zm00001d045645_T001	gene:Zm00001d045645	0.07	0.66
9	31128972	31130724	-	transcript:Zm00001d045652_T001	gene:Zm00001d045652	0.16	0.66
9	31231033	31243303	-	transcript:Zm00001d045655_T003	gene:Zm00001d045655	0.11	0.72
9	31232550	31243303	-	transcript:Zm00001d045655_T018	gene:Zm00001d045655	0.27	0.57
9	31318434	31320881	-	transcript:Zm00001d045656_T001	gene:Zm00001d045656	0.19	0.4
9	30206880	30217451	+	transcript:Zm00001d045635_T074	gene:Zm00001d045635	0.37	0.75
9	32727123	32729137	+	transcript:Zm00001d045676_T001	gene:Zm00001d045676	0.46	0.66
9	32740463	32742908	-	transcript:Zm00001d045678_T001	gene:Zm00001d045678	0.29	0.5
9	33180343	33186293	+	transcript:Zm00001d045683_T001	gene:Zm00001d045683	0.13	0.66
9	33190511	33196403	+	transcript:Zm00001d045684_T001	gene:Zm00001d045684	0.14	0.66
9	33211948	33213968	+	transcript:Zm00001d045686_T001	gene:Zm00001d045686	0.14	0.5
9	32599390	32606326	-	transcript:Zm00001d045670_T001	gene:Zm00001d045670	0.10	0.66
9	32616345	32619066	-	transcript:Zm00001d045672_T002	gene:Zm00001d045672	0.13	0.6
9	32616345	32619066	-	transcript:Zm00001d045672_T001	gene:Zm00001d045672	0.14	0.6
9	32616348	32618794	-	transcript:Zm00001d045672_T003	gene:Zm00001d045672	0.18	0.4
9	32616362	32618895	-	transcript:Zm00001d045672_T004	gene:Zm00001d045672	0.23	0.75
9	33759999	33760972	+	transcript:Zm00001d045697_T001	gene:Zm00001d045697	0.32	0.5
9	34416999	34418600	+	transcript:Zm00001d045705_T002	gene:Zm00001d045705	0.40	0.5
9	34416999	34418600	+	transcript:Zm00001d045705_T001	gene:Zm00001d045705	0.33	0.5
9	33516356	33519004	+	transcript:Zm00001d045691_T001	gene:Zm00001d045691	0.32	0.5
9	34557021	34571327	+	transcript:Zm00001d045707_T003	gene:Zm00001d045707	0.19	0.73
9	34557021	34571335	+	transcript:Zm00001d045707_T004	gene:Zm00001d045707	0.18	0.71
9	34597188	34598313	-	transcript:Zm00001d045708_T001	gene:Zm00001d045708	0.04	0.5
9	34649471	34650594	+	transcript:Zm00001d045709_T001	gene:Zm00001d045709	0.06	0.5
9	35624355	35627408	+	transcript:Zm00001d045729_T003	gene:Zm00001d045729	0.07	0.75
9	35865773	35869177	+	transcript:Zm00001d045733_T001	gene:Zm00001d045733	0.38	0.6
9	35117943	35118628	+	transcript:Zm00001d045723_T001	gene:Zm00001d045723	0.48	0.5
9	35182183	35184071	-	transcript:Zm00001d045724_T001	gene:Zm00001d045724	0.38	0.66
9	36009335	36013889	+	transcript:Zm00001d045735_T002	gene:Zm00001d045735	0.23	0.75
9	36163838	36168892	-	transcript:Zm00001d045739_T002	gene:Zm00001d045739	0.06	0.66
9	36163937	36168948	-	transcript:Zm00001d045739_T003	gene:Zm00001d045739	0.06	0.66
9	36283444	36288609	+	transcript:Zm00001d045740_T001	gene:Zm00001d045740	0.24	0.66
9	37431053	37437131	+	transcript:Zm00001d045759_T002	gene:Zm00001d045759	0.42	0.5
9	37436400	37451534	-	transcript:Zm00001d045760_T004	gene:Zm00001d045760	0.26	0.55
9	37449377	37450713	+	transcript:Zm00001d045761_T001	gene:Zm00001d045761	0.36	0.66
9	37137870	37152090	-	transcript:Zm00001d045752_T002	gene:Zm00001d045752	0.36	0.5
9	37137870	37152090	-	transcript:Zm00001d045752_T001	gene:Zm00001d045752	0.29	0.57
9	36869712	36880178	+	transcript:Zm00001d045746_T002	gene:Zm00001d045746	0.32	0.71
9	36917365	36931550	+	transcript:Zm00001d045747_T005	gene:Zm00001d045747	0.46	0.75
9	39085955	39088063	-	transcript:Zm00001d045786_T001	gene:Zm00001d045786	0.41	0.4
9	39085955	39088390	-	transcript:Zm00001d045786_T002	gene:Zm00001d045786	0.25	0.5
9	39400431	39401891	-	transcript:Zm00001d045792_T001	gene:Zm00001d045792	0.03	0.5
9	39447005	39450489	-	transcript:Zm00001d045793_T001	gene:Zm00001d045793	0.12	0.5
9	40102185	40107942	-	transcript:Zm00001d045804_T003	gene:Zm00001d045804	0.10	0.66
9	40102185	40108023	-	transcript:Zm00001d045804_T005	gene:Zm00001d045804	0.25	0.75
9	40102281	40107925	-	transcript:Zm00001d045804_T008	gene:Zm00001d045804	0.02	0.5
9	40102624	40107967	-	transcript:Zm00001d045804_T017	gene:Zm00001d045804	0.21	0.66
9	40102959	40107977	-	transcript:Zm00001d045804_T020	gene:Zm00001d045804	0.14	0.5
9	40492177	40494856	+	transcript:Zm00001d045808_T067	gene:Zm00001d045808	0.43	0.33
9	38771710	38792930	+	transcript:Zm00001d045782_T001	gene:Zm00001d045782	0.37	0.75
9	38794292	38795992	-	transcript:Zm00001d045783_T047	gene:Zm00001d045783	0.42	0.66
9	42339805	42342547	+	transcript:Zm00001d045829_T001	gene:Zm00001d045829	0.26	0.55
9	42386300	42387215	-	transcript:Zm00001d045833_T001	gene:Zm00001d045833	0.23	0.5
9	42688593	42691443	-	transcript:Zm00001d045837_T001	gene:Zm00001d045837	0.42	0.5
9	44202947	44204954	+	transcript:Zm00001d045859_T001	gene:Zm00001d045859	0.19	0.5
9	43309676	43313601	+	transcript:Zm00001d045844_T001	gene:Zm00001d045844	0.26	0.5
9	43410426	43459256	-	transcript:Zm00001d045848_T001	gene:Zm00001d045848	0.14	0.68
9	44507095	44509099	-	transcript:Zm00001d045864_T008	gene:Zm00001d045864	0.28	0.5
9	45460877	45463531	+	transcript:Zm00001d045882_T001	gene:Zm00001d045882	0.09	0.6
9	45271354	45289065	+	transcript:Zm00001d045876_T004	gene:Zm00001d045876	0.39	0.71
9	44943688	44950408	-	transcript:Zm00001d045872_T001	gene:Zm00001d045872	0.40	0.75
9	45689219	45709384	+	transcript:Zm00001d045886_T002	gene:Zm00001d045886	0.20	0.37
9	45732153	45734240	+	transcript:Zm00001d045887_T001	gene:Zm00001d045887	0.46	0.5
9	45732153	45749295	+	transcript:Zm00001d045887_T004	gene:Zm00001d045887	0.36	0.6
9	45746585	45749295	+	transcript:Zm00001d045887_T008	gene:Zm00001d045887	0.41	0.5
9	45584508	45589124	+	transcript:Zm00001d045885_T002	gene:Zm00001d045885	0.30	0.4
9	46151115	46155225	-	transcript:Zm00001d045893_T001	gene:Zm00001d045893	0.13	0.33
9	46519763	46520276	+	transcript:Zm00001d045901_T001	gene:Zm00001d045901	0.45	0.5
9	46325983	46332775	-	transcript:Zm00001d045895_T002	gene:Zm00001d045895	0.15	0.6
9	46367157	46373527	-	transcript:Zm00001d045897_T003	gene:Zm00001d045897	0.26	0.71
9	46375397	46376806	+	transcript:Zm00001d045898_T001	gene:Zm00001d045898	0.45	0.75
9	46986393	46989126	+	transcript:Zm00001d045907_T001	gene:Zm00001d045907	0.32	0.66
9	47085047	47100503	+	transcript:Zm00001d045911_T005	gene:Zm00001d045911	0.43	0.6
9	47487176	47490826	+	transcript:Zm00001d045927_T002	gene:Zm00001d045927	0.26	0.71
9	47965867	47971731	-	transcript:Zm00001d045938_T007	gene:Zm00001d045938	0.23	0.5
9	47965886	47971007	-	transcript:Zm00001d045938_T013	gene:Zm00001d045938	0.22	0.5
9	48837506	48841353	-	transcript:Zm00001d045947_T001	gene:Zm00001d045947	0.34	0.5
9	49413290	49427302	-	transcript:Zm00001d045953_T001	gene:Zm00001d045953	0.15	0.5
9	49413304	49427371	-	transcript:Zm00001d045953_T004	gene:Zm00001d045953	0.15	0.33
9	49190547	49194078	-	transcript:Zm00001d045951_T001	gene:Zm00001d045951	0.42	0.66
9	48992565	49020923	+	transcript:Zm00001d045948_T002	gene:Zm00001d045948	0.31	0.66
9	49015627	49020965	+	transcript:Zm00001d045948_T008	gene:Zm00001d045948	0.18	0.5
9	49021211	49023275	-	transcript:Zm00001d045949_T004	gene:Zm00001d045949	0.45	0.33
9	50243771	50262642	+	transcript:Zm00001d045962_T001	gene:Zm00001d045962	0.27	0.71
9	50289695	50291497	+	transcript:Zm00001d045963_T001	gene:Zm00001d045963	0.39	0.5
9	50370485	50371409	+	transcript:Zm00001d045964_T001	gene:Zm00001d045964	0.12	0.5
9	49771787	49776967	+	transcript:Zm00001d045958_T001	gene:Zm00001d045958	0.17	0.66
9	51047617	51048971	-	transcript:Zm00001d045973_T001	gene:Zm00001d045973	0.34	0.66
9	51047618	51049883	-	transcript:Zm00001d045973_T002	gene:Zm00001d045973	0.23	0.66
9	51114232	51116210	-	transcript:Zm00001d045974_T001	gene:Zm00001d045974	0.08	0.6
9	51158495	51161659	-	transcript:Zm00001d045975_T002	gene:Zm00001d045975	0.27	0.5
9	53061463	53078264	-	transcript:Zm00001d045993_T001	gene:Zm00001d045993	0.26	0.66
9	53772068	53773355	+	transcript:Zm00001d046007_T001	gene:Zm00001d046007	0.02	0.66
9	53101145	53104023	-	transcript:Zm00001d045996_T001	gene:Zm00001d045996	0.46	0.4
9	53114746	53118891	+	transcript:Zm00001d045998_T001	gene:Zm00001d045998	0.46	0.69
9	53120696	53123606	-	transcript:Zm00001d045999_T001	gene:Zm00001d045999	0.45	0.4
9	53124293	53129442	+	transcript:Zm00001d046000_T001	gene:Zm00001d046000	0.36	0.33
9	53097557	53098624	+	transcript:Zm00001d045995_T001	gene:Zm00001d045995	0.33	0.75
9	54569032	54571881	+	transcript:Zm00001d046014_T002	gene:Zm00001d046014	0.15	0.5
9	54569115	54571748	+	transcript:Zm00001d046014_T003	gene:Zm00001d046014	0.18	0.5
9	57489279	57489982	-	transcript:Zm00001d046036_T001	gene:Zm00001d046036	0.41	0.5
9	57489279	57491429	-	transcript:Zm00001d046036_T003	gene:Zm00001d046036	0.30	0.4
9	58534264	58535293	-	transcript:Zm00001d046044_T001	gene:Zm00001d046044	0.29	0.5
9	58917268	58962152	+	transcript:Zm00001d046047_T002	gene:Zm00001d046047	0.23	0.66
9	58917268	58962188	+	transcript:Zm00001d046047_T003	gene:Zm00001d046047	0.28	0.71
9	58917268	58962188	+	transcript:Zm00001d046047_T004	gene:Zm00001d046047	0.28	0.71
9	58917268	58962605	+	transcript:Zm00001d046047_T005	gene:Zm00001d046047	0.27	0.75
9	58960240	58962605	+	transcript:Zm00001d046047_T023	gene:Zm00001d046047	0.47	0.66
9	59660462	59662418	-	transcript:Zm00001d046048_T001	gene:Zm00001d046048	0.13	0.42
9	60497376	60505212	-	transcript:Zm00001d046060_T003	gene:Zm00001d046060	0.07	0.71
9	61153377	61158758	+	transcript:Zm00001d046069_T002	gene:Zm00001d046069	0.23	0.6
9	61597161	61601700	+	transcript:Zm00001d046073_T002	gene:Zm00001d046073	0.04	0.75
9	61762003	61763268	+	transcript:Zm00001d046076_T001	gene:Zm00001d046076	0.38	0.5
9	62563896	62566552	-	transcript:Zm00001d046091_T002	gene:Zm00001d046091	0.04	0.5
9	63838439	63838811	+	transcript:Zm00001d046106_T001	gene:Zm00001d046106	0.46	0.5
9	64097048	64098472	-	transcript:Zm00001d046116_T001	gene:Zm00001d046116	0.20	0.5
9	64257623	64258456	-	transcript:Zm00001d046117_T001	gene:Zm00001d046117	0.23	0.5
9	64440336	64447129	+	transcript:Zm00001d046119_T002	gene:Zm00001d046119	0.15	0.6
9	64943470	64944032	+	transcript:Zm00001d046124_T001	gene:Zm00001d046124	0.29	0.5
9	65021435	65026154	-	transcript:Zm00001d046127_T001	gene:Zm00001d046127	0.18	0.42
9	65192747	65193713	-	transcript:Zm00001d046128_T002	gene:Zm00001d046128	0.35	0.5
9	65842103	65845080	-	transcript:Zm00001d046135_T003	gene:Zm00001d046135	0.44	0.66
9	66679179	66684237	+	transcript:Zm00001d046141_T001	gene:Zm00001d046141	0.42	0.7
9	67752786	67764920	+	transcript:Zm00001d046153_T001	gene:Zm00001d046153	0.39	0.5
9	68450624	68452630	+	transcript:Zm00001d046162_T001	gene:Zm00001d046162	0.19	0.6
9	68750345	68757303	+	transcript:Zm00001d046166_T005	gene:Zm00001d046166	0.45	0.71
9	68904914	68908783	-	transcript:Zm00001d046172_T001	gene:Zm00001d046172	0.41	0.5
9	71403594	71405331	-	transcript:Zm00001d046198_T001	gene:Zm00001d046198	0.08	0.66
9	71569346	71572340	+	transcript:Zm00001d046202_T001	gene:Zm00001d046202	0.32	0.33
9	71959994	71962191	+	transcript:Zm00001d046207_T001	gene:Zm00001d046207	0.08	0.66
9	72063250	72065874	+	transcript:Zm00001d046210_T001	gene:Zm00001d046210	0.23	0.5
9	72973415	72977391	-	transcript:Zm00001d046222_T001	gene:Zm00001d046222	0.47	0.62
9	72974040	72977391	-	transcript:Zm00001d046222_T002	gene:Zm00001d046222	0.48	0.4
9	73357616	73358633	+	transcript:Zm00001d046229_T001	gene:Zm00001d046229	0.40	0.5
9	73157447	73184980	-	transcript:Zm00001d046225_T001	gene:Zm00001d046225	0.43	0.4
9	73621310	73624685	-	transcript:Zm00001d046231_T001	gene:Zm00001d046231	0.45	0.6
9	74512901	74516419	+	transcript:Zm00001d046236_T001	gene:Zm00001d046236	0.04	0.5
9	74512902	74516419	+	transcript:Zm00001d046236_T002	gene:Zm00001d046236	0.06	0.5
9	74515401	74516664	+	transcript:Zm00001d046236_T005	gene:Zm00001d046236	0.36	0.5
9	76069077	76070881	+	transcript:Zm00001d046242_T001	gene:Zm00001d046242	0.31	0.66
9	76310104	76314795	-	transcript:Zm00001d046247_T003	gene:Zm00001d046247	0.17	0.5
9	76621985	76629303	-	transcript:Zm00001d046249_T005	gene:Zm00001d046249	0.34	0.5
9	77150413	77154114	+	transcript:Zm00001d046261_T001	gene:Zm00001d046261	0.34	0.5
9	77157097	77159734	-	transcript:Zm00001d046262_T001	gene:Zm00001d046262	0.39	0.5
9	77309728	77311010	+	transcript:Zm00001d046264_T001	gene:Zm00001d046264	0.34	0.6
9	77352323	77357618	+	transcript:Zm00001d046267_T001	gene:Zm00001d046267	0.29	0.66
9	77369311	77373248	+	transcript:Zm00001d046272_T001	gene:Zm00001d046272	0.18	0.66
9	77371613	77373077	+	transcript:Zm00001d046273_T001	gene:Zm00001d046273	0.35	0.66
9	77374032	77375398	-	transcript:Zm00001d046274_T001	gene:Zm00001d046274	0.37	0.5
9	77374032	77377623	-	transcript:Zm00001d046274_T002	gene:Zm00001d046274	0.36	0.33
9	77374162	77377623	-	transcript:Zm00001d046274_T005	gene:Zm00001d046274	0.41	0.5
9	77027118	77035711	+	transcript:Zm00001d046255_T027	gene:Zm00001d046255	0.24	0.69
9	77027118	77035711	+	transcript:Zm00001d046255_T018	gene:Zm00001d046255	0.26	0.69
9	77858936	77860617	+	transcript:Zm00001d046278_T001	gene:Zm00001d046278	0.11	0.66
9	78499193	78499940	+	transcript:Zm00001d046291_T001	gene:Zm00001d046291	0.09	0.5
9	78902785	78903875	+	transcript:Zm00001d046298_T001	gene:Zm00001d046298	0.08	0.66
9	79736342	79737659	-	transcript:Zm00001d046306_T001	gene:Zm00001d046306	0.15	0.5
9	80614938	80620113	+	transcript:Zm00001d046330_T005	gene:Zm00001d046330	0.03	0.5
9	80614965	80619992	+	transcript:Zm00001d046330_T007	gene:Zm00001d046330	0.05	0.66
9	80353775	80367378	+	transcript:Zm00001d046323_T002	gene:Zm00001d046323	0.42	0.6
9	80353775	80367413	+	transcript:Zm00001d046323_T001	gene:Zm00001d046323	0.40	0.66
9	81219767	81228535	-	transcript:Zm00001d046333_T001	gene:Zm00001d046333	0.06	0.62
9	81729257	81733312	-	transcript:Zm00001d046342_T002	gene:Zm00001d046342	0.12	0.62
9	81476743	81478181	+	transcript:Zm00001d046337_T001	gene:Zm00001d046337	0.27	0.33
9	84821460	84829509	+	transcript:Zm00001d046369_T007	gene:Zm00001d046369	0.46	0.5
9	84836904	84838631	+	transcript:Zm00001d046371_T001	gene:Zm00001d046371	0.30	0.5
9	85221866	85226806	-	transcript:Zm00001d046374_T001	gene:Zm00001d046374	0.17	0.66
9	85242610	85246345	-	transcript:Zm00001d046375_T001	gene:Zm00001d046375	0.16	0.75
9	86625253	86638592	-	transcript:Zm00001d046388_T001	gene:Zm00001d046388	0.30	0.5
9	86625253	86638592	-	transcript:Zm00001d046388_T002	gene:Zm00001d046388	0.32	0.66
9	85552273	85553382	-	transcript:Zm00001d046379_T001	gene:Zm00001d046379	0.34	0.5
9	85600996	85605687	-	transcript:Zm00001d046381_T024	gene:Zm00001d046381	0.07	0.66
9	86858170	86859530	+	transcript:Zm00001d046390_T001	gene:Zm00001d046390	0.32	0.66
9	86865096	86868067	-	transcript:Zm00001d046392_T001	gene:Zm00001d046392	0.28	0.33
9	87101087	87108010	+	transcript:Zm00001d046395_T001	gene:Zm00001d046395	0.17	0.41
9	87461762	87465060	-	transcript:Zm00001d046402_T001	gene:Zm00001d046402	0.24	0.5
9	87556741	87559618	+	transcript:Zm00001d046403_T001	gene:Zm00001d046403	0.47	0.75
9	88220986	88223951	+	transcript:Zm00001d046416_T001	gene:Zm00001d046416	0.17	0.66
9	88586096	88589660	+	transcript:Zm00001d046420_T001	gene:Zm00001d046420	0.39	0.5
9	88586537	88599416	+	transcript:Zm00001d046420_T006	gene:Zm00001d046420	0.34	0.75
9	90216763	90218802	+	transcript:Zm00001d046444_T002	gene:Zm00001d046444	0.13	0.5
9	89997220	90001626	+	transcript:Zm00001d046442_T001	gene:Zm00001d046442	0.33	0.75
9	90421943	90425030	+	transcript:Zm00001d046449_T002	gene:Zm00001d046449	0.37	0.5
9	90422541	90425010	+	transcript:Zm00001d046449_T007	gene:Zm00001d046449	0.18	0.5
9	90422676	90424948	+	transcript:Zm00001d046449_T011	gene:Zm00001d046449	0.23	0.5
9	90422676	90424948	+	transcript:Zm00001d046449_T010	gene:Zm00001d046449	0.26	0.5
9	90422806	90424948	+	transcript:Zm00001d046449_T014	gene:Zm00001d046449	0.25	0.5
9	90277634	90280110	-	transcript:Zm00001d046447_T001	gene:Zm00001d046447	0.35	0.5
9	91052390	91053682	-	transcript:Zm00001d046465_T001	gene:Zm00001d046465	0.27	0.5
9	91052466	91053739	-	transcript:Zm00001d046465_T002	gene:Zm00001d046465	0.30	0.66
9	90822866	90836736	-	transcript:Zm00001d046456_T003	gene:Zm00001d046456	0.38	0.5
9	90822866	90836736	-	transcript:Zm00001d046456_T004	gene:Zm00001d046456	0.35	0.7
9	90822866	90836736	-	transcript:Zm00001d046456_T002	gene:Zm00001d046456	0.35	0.7
9	90823323	90836736	-	transcript:Zm00001d046456_T009	gene:Zm00001d046456	0.43	0.55
9	91656807	91661702	+	transcript:Zm00001d046476_T001	gene:Zm00001d046476	0.34	0.75
9	92065625	92071211	-	transcript:Zm00001d046488_T001	gene:Zm00001d046488	0.22	0.6
9	92349534	92350909	-	transcript:Zm00001d046493_T001	gene:Zm00001d046493	0.02	0.66
9	93157089	93173690	+	transcript:Zm00001d046509_T002	gene:Zm00001d046509	0.38	0.6
9	93329848	93332412	+	transcript:Zm00001d046513_T001	gene:Zm00001d046513	0.31	0.75
9	93513252	93518345	+	transcript:Zm00001d046521_T001	gene:Zm00001d046521	0.43	0.33
9	94134221	94142110	-	transcript:Zm00001d046529_T001	gene:Zm00001d046529	0.42	0.6
9	94659235	94661958	-	transcript:Zm00001d046537_T002	gene:Zm00001d046537	0.35	0.75
9	94662146	94667640	-	transcript:Zm00001d046538_T003	gene:Zm00001d046538	0.38	0.72
9	94663522	94667640	-	transcript:Zm00001d046538_T006	gene:Zm00001d046538	0.44	0.71
9	96094106	96097864	-	transcript:Zm00001d046566_T001	gene:Zm00001d046566	0.21	0.33
9	96437176	96440002	+	transcript:Zm00001d046571_T001	gene:Zm00001d046571	0.22	0.33
9	96437626	96439996	+	transcript:Zm00001d046571_T002	gene:Zm00001d046571	0.39	0.33
9	96437626	96439997	+	transcript:Zm00001d046571_T004	gene:Zm00001d046571	0.21	0.66
9	96269822	96278036	+	transcript:Zm00001d046568_T002	gene:Zm00001d046568	0.19	0.66
9	95727707	95731224	+	transcript:Zm00001d046552_T001	gene:Zm00001d046552	0.31	0.5
9	95727707	95731224	+	transcript:Zm00001d046552_T002	gene:Zm00001d046552	0.34	0.71
9	95755369	95759989	+	transcript:Zm00001d046553_T005	gene:Zm00001d046553	0.29	0.5
9	95961757	95965827	+	transcript:Zm00001d046560_T001	gene:Zm00001d046560	0.22	0.6
9	97131518	97158423	-	transcript:Zm00001d046582_T014	gene:Zm00001d046582	0.19	0.71
9	98187943	98192600	+	transcript:Zm00001d046600_T001	gene:Zm00001d046600	0.24	0.71
9	98559484	98565648	-	transcript:Zm00001d046605_T001	gene:Zm00001d046605	0.47	0.33
9	98573440	98576206	-	transcript:Zm00001d046609_T001	gene:Zm00001d046609	0.38	0.5
9	98772481	98777453	+	transcript:Zm00001d046611_T001	gene:Zm00001d046611	0.23	0.55
9	99609772	99613282	-	transcript:Zm00001d046628_T001	gene:Zm00001d046628	0.41	0.66
9	99609809	99613239	-	transcript:Zm00001d046628_T002	gene:Zm00001d046628	0.22	0.5
9	99609866	99613082	-	transcript:Zm00001d046628_T003	gene:Zm00001d046628	0.41	0.66
9	99609875	99613284	-	transcript:Zm00001d046628_T005	gene:Zm00001d046628	0.21	0.6
9	99655570	99658078	+	transcript:Zm00001d046629_T001	gene:Zm00001d046629	0.31	0.66
9	99658948	99664266	-	transcript:Zm00001d046630_T005	gene:Zm00001d046630	0.36	0.5
9	99662170	99666890	-	transcript:Zm00001d046630_T018	gene:Zm00001d046630	0.35	0.5
9	99662175	99667216	-	transcript:Zm00001d046630_T029	gene:Zm00001d046630	0.33	0.33
9	99662654	99667878	-	transcript:Zm00001d046630_T032	gene:Zm00001d046630	0.24	0.66
9	99835859	99840197	+	transcript:Zm00001d046633_T002	gene:Zm00001d046633	0.32	0.4
9	100365164	100367166	-	transcript:Zm00001d046645_T002	gene:Zm00001d046645	0.25	0.5
9	100188815	100191441	+	transcript:Zm00001d046644_T001	gene:Zm00001d046644	0.12	0.5
9	100126399	100131671	+	transcript:Zm00001d046642_T001	gene:Zm00001d046642	0.36	0.5
9	100126412	100131680	+	transcript:Zm00001d046642_T002	gene:Zm00001d046642	0.38	0.33
9	100658169	100663167	+	transcript:Zm00001d046654_T005	gene:Zm00001d046654	0.37	0.33
9	100959343	100966927	-	transcript:Zm00001d046661_T004	gene:Zm00001d046661	0.12	0.75
9	100959355	100966927	-	transcript:Zm00001d046661_T006	gene:Zm00001d046661	0.09	0.5
9	101023898	101026109	+	transcript:Zm00001d046662_T001	gene:Zm00001d046662	0.29	0.6
9	102937562	102939182	+	transcript:Zm00001d046703_T001	gene:Zm00001d046703	0.05	0.66
9	102973154	102975747	+	transcript:Zm00001d046705_T001	gene:Zm00001d046705	0.12	0.33
9	103046363	103047346	-	transcript:Zm00001d046709_T001	gene:Zm00001d046709	0.42	0.75
9	103066886	103068712	+	transcript:Zm00001d046711_T001	gene:Zm00001d046711	0.07	0.33
9	103209754	103214088	+	transcript:Zm00001d046716_T002	gene:Zm00001d046716	0.17	0.5
9	103209754	103214088	+	transcript:Zm00001d046716_T001	gene:Zm00001d046716	0.15	0.57
9	103948070	103949890	-	transcript:Zm00001d046739_T001	gene:Zm00001d046739	0.12	0.66
9	103969376	103972043	+	transcript:Zm00001d046740_T004	gene:Zm00001d046740	0.31	0.66
9	104406708	104413242	-	transcript:Zm00001d046754_T001	gene:Zm00001d046754	0.41	0.44
9	104406708	104413242	-	transcript:Zm00001d046754_T002	gene:Zm00001d046754	0.41	0.5
9	104458593	104461503	-	transcript:Zm00001d046757_T001	gene:Zm00001d046757	0.43	0.33
9	105167919	105168507	+	transcript:Zm00001d046771_T001	gene:Zm00001d046771	0.27	0.5
9	105538010	105554308	-	transcript:Zm00001d046777_T001	gene:Zm00001d046777	0.16	0.75
9	104954887	104960193	-	transcript:Zm00001d046767_T002	gene:Zm00001d046767	0.13	0.5
9	104955308	104957079	-	transcript:Zm00001d046767_T003	gene:Zm00001d046767	0.23	0.5
9	105916518	105918534	+	transcript:Zm00001d046784_T001	gene:Zm00001d046784	0.14	0.66
9	106295065	106298029	+	transcript:Zm00001d046792_T002	gene:Zm00001d046792	0.18	0.75
9	105671173	105677263	-	transcript:Zm00001d046779_T005	gene:Zm00001d046779	0.14	0.66
9	105671266	105675255	-	transcript:Zm00001d046779_T007	gene:Zm00001d046779	0.31	0.33
9	107019596	107020490	+	transcript:Zm00001d046817_T001	gene:Zm00001d046817	0.13	0.66
9	106630997	106631945	-	transcript:Zm00001d046808_T002	gene:Zm00001d046808	0.26	0.66
9	106483981	106487773	-	transcript:Zm00001d046802_T001	gene:Zm00001d046802	0.16	0.4
9	107405327	107408013	-	transcript:Zm00001d046827_T001	gene:Zm00001d046827	0.05	0.5
9	108226063	108230008	+	transcript:Zm00001d046838_T002	gene:Zm00001d046838	0.05	0.33
9	108419897	108424080	-	transcript:Zm00001d046856_T002	gene:Zm00001d046856	0.17	0.45
9	108419897	108424080	-	transcript:Zm00001d046856_T001	gene:Zm00001d046856	0.23	0.37
9	108450173	108453751	-	transcript:Zm00001d046861_T001	gene:Zm00001d046861	0.35	0.62
9	108450173	108454027	-	transcript:Zm00001d046861_T002	gene:Zm00001d046861	0.32	0.75
9	108490326	108496404	+	transcript:Zm00001d046864_T001	gene:Zm00001d046864	0.33	0.75
9	108298093	108299643	-	transcript:Zm00001d046848_T001	gene:Zm00001d046848	0.07	0.5
9	108634742	108641680	+	transcript:Zm00001d046873_T001	gene:Zm00001d046873	0.30	0.57
9	108637609	108639617	-	transcript:Zm00001d046874_T001	gene:Zm00001d046874	0.28	0.5
9	108820598	108832931	+	transcript:Zm00001d046884_T001	gene:Zm00001d046884	0.18	0.5
9	109341526	109344852	-	transcript:Zm00001d046893_T001	gene:Zm00001d046893	0.01	0.66
9	108878757	108880778	+	transcript:Zm00001d046887_T001	gene:Zm00001d046887	0.24	0.66
9	109553690	109556819	-	transcript:Zm00001d046900_T001	gene:Zm00001d046900	0.35	0.66
9	109841532	109843678	+	transcript:Zm00001d046903_T001	gene:Zm00001d046903	0.25	0.42
9	109895426	109918891	+	transcript:Zm00001d046905_T001	gene:Zm00001d046905	0.28	0.72
9	111766179	111768734	+	transcript:Zm00001d046934_T001	gene:Zm00001d046934	0.34	0.66
9	111967549	111968946	+	transcript:Zm00001d046941_T002	gene:Zm00001d046941	0.43	0.5
9	112329325	112340443	+	transcript:Zm00001d046948_T002	gene:Zm00001d046948	0.23	0.6
9	112329353	112340443	+	transcript:Zm00001d046948_T004	gene:Zm00001d046948	0.22	0.55
9	112757063	112765326	-	transcript:Zm00001d046953_T001	gene:Zm00001d046953	0.20	0.66
9	112757121	112765326	-	transcript:Zm00001d046953_T002	gene:Zm00001d046953	0.22	0.7
9	112757613	112765386	-	transcript:Zm00001d046953_T010	gene:Zm00001d046953	0.10	0.71
9	113235297	113239234	+	transcript:Zm00001d046960_T001	gene:Zm00001d046960	0.34	0.71
9	113235376	113239234	+	transcript:Zm00001d046960_T003	gene:Zm00001d046960	0.28	0.71
9	113235376	113239234	+	transcript:Zm00001d046960_T002	gene:Zm00001d046960	0.28	0.62
9	113277961	113278854	-	transcript:Zm00001d046962_T001	gene:Zm00001d046962	0.07	0.66
9	113277961	113279886	-	transcript:Zm00001d046962_T002	gene:Zm00001d046962	0.16	0.4
9	113288127	113326381	-	transcript:Zm00001d046964_T001	gene:Zm00001d046964	0.22	0.6
9	113840932	113842430	+	transcript:Zm00001d046977_T001	gene:Zm00001d046977	0.15	0.4
9	113591821	113595110	-	transcript:Zm00001d046971_T001	gene:Zm00001d046971	0.31	0.66
9	114152611	114155554	+	transcript:Zm00001d046981_T001	gene:Zm00001d046981	0.06	0.66
9	114335479	114339039	+	transcript:Zm00001d046991_T001	gene:Zm00001d046991	0.45	0.5
9	114408410	114410512	+	transcript:Zm00001d046995_T001	gene:Zm00001d046995	0.07	0.66
9	114521702	114522844	-	transcript:Zm00001d046996_T001	gene:Zm00001d046996	0.34	0.5
9	115522421	115526825	+	transcript:Zm00001d047020_T007	gene:Zm00001d047020	0.28	0.66
9	115527577	115532772	+	transcript:Zm00001d047020_T020	gene:Zm00001d047020	0.47	0.57
9	115639480	115648660	-	transcript:Zm00001d047023_T001	gene:Zm00001d047023	0.19	0.66
9	115424876	115428853	+	transcript:Zm00001d047018_T004	gene:Zm00001d047018	0.26	0.75
9	115435278	115436985	+	transcript:Zm00001d047019_T001	gene:Zm00001d047019	0.31	0.5
9	115435944	115437104	+	transcript:Zm00001d047019_T002	gene:Zm00001d047019	0.47	0.5
9	116221541	116223901	+	transcript:Zm00001d047034_T002	gene:Zm00001d047034	0.23	0.75
9	116226589	116228157	-	transcript:Zm00001d047035_T001	gene:Zm00001d047035	0.37	0.5
9	115977811	115984061	-	transcript:Zm00001d047030_T010	gene:Zm00001d047030	0.08	0.75
9	115977908	115980076	-	transcript:Zm00001d047030_T018	gene:Zm00001d047030	0.34	0.5
9	115977930	115982172	-	transcript:Zm00001d047030_T027	gene:Zm00001d047030	0.25	0.5
9	115977930	115984638	-	transcript:Zm00001d047030_T028	gene:Zm00001d047030	0.13	0.75
9	115977930	115984693	-	transcript:Zm00001d047030_T031	gene:Zm00001d047030	0.04	0.75
9	115977936	115984643	-	transcript:Zm00001d047030_T040	gene:Zm00001d047030	0.04	0.75
9	115977938	115984656	-	transcript:Zm00001d047030_T046	gene:Zm00001d047030	0.04	0.75
9	115977939	115982852	-	transcript:Zm00001d047030_T048	gene:Zm00001d047030	0.13	0.5
9	115977941	115982853	-	transcript:Zm00001d047030_T051	gene:Zm00001d047030	0.15	0.66
9	115977943	115984622	-	transcript:Zm00001d047030_T058	gene:Zm00001d047030	0.05	0.75
9	115977957	115980915	-	transcript:Zm00001d047030_T074	gene:Zm00001d047030	0.33	0.66
9	115978056	115982949	-	transcript:Zm00001d047030_T080	gene:Zm00001d047030	0.14	0.66
9	115978138	115983303	-	transcript:Zm00001d047030_T091	gene:Zm00001d047030	0.13	0.75
9	115978138	115983671	-	transcript:Zm00001d047030_T093	gene:Zm00001d047030	0.14	0.5
9	115978138	115984693	-	transcript:Zm00001d047030_T095	gene:Zm00001d047030	0.06	0.75
9	116427793	116431305	+	transcript:Zm00001d047042_T003	gene:Zm00001d047042	0.24	0.5
9	116596995	116599722	-	transcript:Zm00001d047046_T003	gene:Zm00001d047046	0.22	0.66
9	116624574	116626754	-	transcript:Zm00001d047050_T001	gene:Zm00001d047050	0.07	0.66
9	117036117	117041421	-	transcript:Zm00001d047062_T001	gene:Zm00001d047062	0.44	0.4
9	117272916	117276493	+	transcript:Zm00001d047072_T001	gene:Zm00001d047072	0.32	0.5
9	116805369	116808258	-	transcript:Zm00001d047054_T003	gene:Zm00001d047054	0.32	0.5
9	116826647	116829561	+	transcript:Zm00001d047058_T002	gene:Zm00001d047058	0.36	0.5
9	117675464	117689598	+	transcript:Zm00001d047079_T001	gene:Zm00001d047079	0.18	0.66
9	117765589	117767190	+	transcript:Zm00001d047084_T001	gene:Zm00001d047084	0.06	0.33
9	117848739	117851380	-	transcript:Zm00001d047086_T001	gene:Zm00001d047086	0.11	0.4
9	118041048	118041854	-	transcript:Zm00001d047087_T002	gene:Zm00001d047087	0.39	0.33
9	118041048	118041909	-	transcript:Zm00001d047087_T003	gene:Zm00001d047087	0.37	0.5
9	118041357	118043548	-	transcript:Zm00001d047087_T005	gene:Zm00001d047087	0.39	0.66
9	118434971	118436207	+	transcript:Zm00001d047094_T001	gene:Zm00001d047094	0.07	0.66
9	117520207	117525692	+	transcript:Zm00001d047076_T001	gene:Zm00001d047076	0.36	0.33
9	117520844	117525031	+	transcript:Zm00001d047076_T002	gene:Zm00001d047076	0.11	0.66
9	117546370	117551091	-	transcript:Zm00001d047078_T008	gene:Zm00001d047078	0.37	0.66
9	119212752	119213476	-	transcript:Zm00001d047115_T004	gene:Zm00001d047115	0.21	0.5
9	119272820	119282647	-	transcript:Zm00001d047121_T001	gene:Zm00001d047121	0.43	0.33
9	118803940	118807060	-	transcript:Zm00001d047107_T005	gene:Zm00001d047107	0.23	0.66
9	119744210	119756337	+	transcript:Zm00001d047138_T004	gene:Zm00001d047138	0.11	0.75
9	119768423	119773303	-	transcript:Zm00001d047140_T001	gene:Zm00001d047140	0.30	0.55
9	119773637	119776856	-	transcript:Zm00001d047141_T001	gene:Zm00001d047141	0.06	0.75
9	119870377	119871718	-	transcript:Zm00001d047142_T003	gene:Zm00001d047142	0.40	0.5
9	119870551	119871721	-	transcript:Zm00001d047142_T005	gene:Zm00001d047142	0.39	0.66
9	119870560	119871721	-	transcript:Zm00001d047142_T007	gene:Zm00001d047142	0.40	0.66
9	119496008	119498620	-	transcript:Zm00001d047132_T001	gene:Zm00001d047132	0.02	0.66
9	119499482	119501754	+	transcript:Zm00001d047133_T001	gene:Zm00001d047133	0.03	0.66
9	119529346	119530256	-	transcript:Zm00001d047134_T001	gene:Zm00001d047134	0.32	0.66
9	119578065	119583733	+	transcript:Zm00001d047135_T002	gene:Zm00001d047135	0.34	0.66
9	119578066	119579393	+	transcript:Zm00001d047135_T003	gene:Zm00001d047135	0.26	0.5
9	119578066	119579432	+	transcript:Zm00001d047135_T004	gene:Zm00001d047135	0.27	0.75
9	119578066	119583733	+	transcript:Zm00001d047135_T015	gene:Zm00001d047135	0.34	0.5
9	119578066	119583733	+	transcript:Zm00001d047135_T014	gene:Zm00001d047135	0.33	0.66
9	119578066	119583754	+	transcript:Zm00001d047135_T018	gene:Zm00001d047135	0.31	0.66
9	119578066	119583754	+	transcript:Zm00001d047135_T017	gene:Zm00001d047135	0.31	0.66
9	119578069	119583702	+	transcript:Zm00001d047135_T020	gene:Zm00001d047135	0.25	0.5
9	119578070	119583747	+	transcript:Zm00001d047135_T022	gene:Zm00001d047135	0.29	0.66
9	119578070	119583754	+	transcript:Zm00001d047135_T023	gene:Zm00001d047135	0.29	0.66
9	120340061	120341524	+	transcript:Zm00001d047158_T001	gene:Zm00001d047158	0.43	0.5
9	120510617	120518989	+	transcript:Zm00001d047165_T001	gene:Zm00001d047165	0.40	0.5
9	120061028	120062379	-	transcript:Zm00001d047146_T002	gene:Zm00001d047146	0.30	0.5
9	120061028	120062379	-	transcript:Zm00001d047146_T003	gene:Zm00001d047146	0.30	0.5
9	120061029	120062375	-	transcript:Zm00001d047146_T004	gene:Zm00001d047146	0.27	0.5
9	120061083	120062379	-	transcript:Zm00001d047146_T006	gene:Zm00001d047146	0.33	0.5
9	120061083	120062380	-	transcript:Zm00001d047146_T007	gene:Zm00001d047146	0.34	0.5
9	120061112	120062379	-	transcript:Zm00001d047146_T009	gene:Zm00001d047146	0.24	0.66
9	120061226	120062379	-	transcript:Zm00001d047146_T010	gene:Zm00001d047146	0.27	0.66
9	120085655	120087006	-	transcript:Zm00001d047147_T003	gene:Zm00001d047147	0.30	0.5
9	120085655	120087006	-	transcript:Zm00001d047147_T002	gene:Zm00001d047147	0.30	0.5
9	120085656	120087002	-	transcript:Zm00001d047147_T004	gene:Zm00001d047147	0.27	0.5
9	120085710	120087006	-	transcript:Zm00001d047147_T006	gene:Zm00001d047147	0.33	0.5
9	120085710	120087007	-	transcript:Zm00001d047147_T007	gene:Zm00001d047147	0.34	0.5
9	120085739	120087006	-	transcript:Zm00001d047147_T009	gene:Zm00001d047147	0.24	0.66
9	120085853	120087006	-	transcript:Zm00001d047147_T010	gene:Zm00001d047147	0.27	0.66
9	120953893	120955126	+	transcript:Zm00001d047173_T001	gene:Zm00001d047173	0.33	0.5
9	120956790	120959450	+	transcript:Zm00001d047174_T001	gene:Zm00001d047174	0.24	0.75
9	121017366	121018504	-	transcript:Zm00001d047177_T001	gene:Zm00001d047177	0.15	0.5
9	121078169	121082526	+	transcript:Zm00001d047178_T002	gene:Zm00001d047178	0.22	0.66
9	121078169	121082527	+	transcript:Zm00001d047178_T005	gene:Zm00001d047178	0.26	0.71
9	121085306	121087077	-	transcript:Zm00001d047180_T001	gene:Zm00001d047180	0.35	0.5
9	121210096	121229359	+	transcript:Zm00001d047183_T003	gene:Zm00001d047183	0.35	0.66
9	121210096	121229359	+	transcript:Zm00001d047183_T001	gene:Zm00001d047183	0.34	0.6
9	121210096	121229359	+	transcript:Zm00001d047183_T002	gene:Zm00001d047183	0.34	0.6
9	121213441	121229286	+	transcript:Zm00001d047183_T005	gene:Zm00001d047183	0.40	0.42
9	121213574	121229359	+	transcript:Zm00001d047183_T008	gene:Zm00001d047183	0.40	0.33
9	121213574	121229359	+	transcript:Zm00001d047183_T009	gene:Zm00001d047183	0.40	0.5
9	121213695	121229359	+	transcript:Zm00001d047183_T011	gene:Zm00001d047183	0.41	0.5
9	121460778	121464823	-	transcript:Zm00001d047191_T009	gene:Zm00001d047191	0.14	0.57
9	121685565	121686566	+	transcript:Zm00001d047200_T001	gene:Zm00001d047200	0.45	0.75
9	121685565	121686660	+	transcript:Zm00001d047200_T002	gene:Zm00001d047200	0.46	0.6
9	121685659	121686566	+	transcript:Zm00001d047200_T003	gene:Zm00001d047200	0.49	0.75
9	122122722	122124369	-	transcript:Zm00001d047210_T001	gene:Zm00001d047210	0.12	0.66
9	122171041	122173225	-	transcript:Zm00001d047211_T002	gene:Zm00001d047211	0.09	0.5
9	122520864	122524564	+	transcript:Zm00001d047216_T001	gene:Zm00001d047216	0.13	0.75
9	123044874	123047139	-	transcript:Zm00001d047228_T002	gene:Zm00001d047228	0.43	0.5
9	123046516	123047139	-	transcript:Zm00001d047228_T003	gene:Zm00001d047228	0.44	0.5
9	122804526	122807662	-	transcript:Zm00001d047223_T001	gene:Zm00001d047223	0.11	0.5
9	123494099	123499008	+	transcript:Zm00001d047234_T001	gene:Zm00001d047234	0.34	0.66
9	123494099	123499008	+	transcript:Zm00001d047234_T002	gene:Zm00001d047234	0.33	0.57
9	123494099	123499119	+	transcript:Zm00001d047234_T003	gene:Zm00001d047234	0.13	0.5
9	123538205	123542793	-	transcript:Zm00001d047236_T001	gene:Zm00001d047236	0.17	0.75
9	124019673	124021649	+	transcript:Zm00001d047248_T001	gene:Zm00001d047248	0.34	0.5
9	124019727	124021708	+	transcript:Zm00001d047248_T003	gene:Zm00001d047248	0.24	0.5
9	123671806	123675729	-	transcript:Zm00001d047240_T006	gene:Zm00001d047240	0.05	0.5
9	123870627	123874965	+	transcript:Zm00001d047243_T001	gene:Zm00001d047243	0.32	0.66
9	123877459	123878246	+	transcript:Zm00001d047244_T001	gene:Zm00001d047244	0.31	0.66
9	124514562	124519595	+	transcript:Zm00001d047256_T001	gene:Zm00001d047256	0.28	0.33
9	124525391	124529362	-	transcript:Zm00001d047257_T001	gene:Zm00001d047257	0.17	0.5
9	124760891	124766069	+	transcript:Zm00001d047261_T006	gene:Zm00001d047261	0.32	0.75
9	124178260	124180145	-	transcript:Zm00001d047253_T004	gene:Zm00001d047253	0.40	0.66
9	124178349	124180224	-	transcript:Zm00001d047253_T012	gene:Zm00001d047253	0.40	0.66
9	124178350	124184870	-	transcript:Zm00001d047253_T017	gene:Zm00001d047253	0.43	0.66
9	124873558	124875069	+	transcript:Zm00001d047267_T001	gene:Zm00001d047267	0.14	0.33
9	124914348	124915181	+	transcript:Zm00001d047271_T001	gene:Zm00001d047271	0.40	0.5
9	124971831	124979656	+	transcript:Zm00001d047272_T001	gene:Zm00001d047272	0.29	0.5
9	125814307	125815199	+	transcript:Zm00001d047295_T001	gene:Zm00001d047295	0.10	0.66
9	125675077	125682774	-	transcript:Zm00001d047292_T002	gene:Zm00001d047292	0.36	0.66
9	125433093	125435673	-	transcript:Zm00001d047282_T001	gene:Zm00001d047282	0.48	0.5
9	125452131	125459084	+	transcript:Zm00001d047285_T001	gene:Zm00001d047285	0.36	0.37
9	126002086	126005725	+	transcript:Zm00001d047300_T005	gene:Zm00001d047300	0.35	0.5
9	125982748	125987870	+	transcript:Zm00001d047299_T002	gene:Zm00001d047299	0.40	0.5
9	126353561	126355385	-	transcript:Zm00001d047313_T001	gene:Zm00001d047313	0.34	0.66
9	126398219	126413090	-	transcript:Zm00001d047317_T001	gene:Zm00001d047317	0.19	0.55
9	126465442	126474388	+	transcript:Zm00001d047318_T001	gene:Zm00001d047318	0.27	0.41
9	126562638	126563302	-	transcript:Zm00001d047320_T001	gene:Zm00001d047320	0.33	0.5
9	126607955	126611605	+	transcript:Zm00001d047323_T001	gene:Zm00001d047323	0.41	0.44
9	126607955	126611605	+	transcript:Zm00001d047323_T002	gene:Zm00001d047323	0.41	0.44
9	126938199	126948427	+	transcript:Zm00001d047338_T001	gene:Zm00001d047338	0.43	0.57
9	126939349	126946310	+	transcript:Zm00001d047338_T002	gene:Zm00001d047338	0.40	0.75
9	126939349	126946768	+	transcript:Zm00001d047338_T003	gene:Zm00001d047338	0.45	0.33
9	126944374	126948427	+	transcript:Zm00001d047338_T005	gene:Zm00001d047338	0.43	0.6
9	126973243	126974185	-	transcript:Zm00001d047340_T002	gene:Zm00001d047340	0.26	0.5
9	127070632	127076473	+	transcript:Zm00001d047347_T012	gene:Zm00001d047347	0.01	0.71
9	127070636	127075745	+	transcript:Zm00001d047347_T022	gene:Zm00001d047347	0.13	0.66
9	127264585	127268652	-	transcript:Zm00001d047352_T004	gene:Zm00001d047352	0.08	0.66
9	127264585	127268652	-	transcript:Zm00001d047352_T001	gene:Zm00001d047352	0.10	0.75
9	127264585	127268652	-	transcript:Zm00001d047352_T005	gene:Zm00001d047352	0.39	0.66
9	127264585	127268652	-	transcript:Zm00001d047352_T003	gene:Zm00001d047352	0.09	0.71
9	127411002	127422090	+	transcript:Zm00001d047355_T001	gene:Zm00001d047355	0.33	0.5
9	127688165	127693192	-	transcript:Zm00001d047361_T003	gene:Zm00001d047361	0.32	0.5
9	127688165	127693192	-	transcript:Zm00001d047361_T002	gene:Zm00001d047361	0.31	0.6
9	127688202	127693139	-	transcript:Zm00001d047361_T005	gene:Zm00001d047361	0.11	0.5
9	128360371	128362509	+	transcript:Zm00001d047385_T010	gene:Zm00001d047385	0.40	0.5
9	128096221	128099543	-	transcript:Zm00001d047376_T001	gene:Zm00001d047376	0.39	0.6
9	128467682	128470763	-	transcript:Zm00001d047388_T001	gene:Zm00001d047388	0.16	0.66
9	128654031	128658616	-	transcript:Zm00001d047395_T007	gene:Zm00001d047395	0.31	0.72
9	127833105	127846903	-	transcript:Zm00001d047366_T001	gene:Zm00001d047366	0.42	0.5
9	127842431	127846903	-	transcript:Zm00001d047366_T002	gene:Zm00001d047366	0.44	0.33
9	127876280	127883283	+	transcript:Zm00001d047367_T005	gene:Zm00001d047367	0.36	0.5
9	128051818	128058207	+	transcript:Zm00001d047373_T004	gene:Zm00001d047373	0.24	0.55
9	128051864	128058161	+	transcript:Zm00001d047373_T006	gene:Zm00001d047373	0.28	0.71
9	129361657	129366929	-	transcript:Zm00001d047410_T001	gene:Zm00001d047410	0.50	0.5
9	129361657	129366929	-	transcript:Zm00001d047410_T003	gene:Zm00001d047410	0.41	0.33
9	129378062	129383334	-	transcript:Zm00001d047411_T001	gene:Zm00001d047411	0.44	0.4
9	129378062	129383334	-	transcript:Zm00001d047411_T002	gene:Zm00001d047411	0.44	0.5
9	129389600	129397333	-	transcript:Zm00001d047412_T004	gene:Zm00001d047412	0.24	0.6
9	129484059	129488183	-	transcript:Zm00001d047418_T001	gene:Zm00001d047418	0.36	0.75
9	129907852	129912207	+	transcript:Zm00001d047435_T015	gene:Zm00001d047435	0.39	0.66
9	130096452	130109869	-	transcript:Zm00001d047439_T002	gene:Zm00001d047439	0.40	0.66
9	130356914	130358624	+	transcript:Zm00001d047445_T001	gene:Zm00001d047445	0.20	0.33
9	130366869	130370668	-	transcript:Zm00001d047447_T003	gene:Zm00001d047447	0.35	0.5
9	130415702	130417495	-	transcript:Zm00001d047448_T001	gene:Zm00001d047448	0.35	0.66
9	129861972	129863030	+	transcript:Zm00001d047433_T001	gene:Zm00001d047433	0.19	0.66
9	130535903	130553804	+	transcript:Zm00001d047449_T003	gene:Zm00001d047449	0.18	0.66
9	130535903	130553874	+	transcript:Zm00001d047449_T004	gene:Zm00001d047449	0.17	0.61
9	130632201	130634118	+	transcript:Zm00001d047451_T001	gene:Zm00001d047451	0.46	0.66
9	130632201	130649980	+	transcript:Zm00001d047451_T004	gene:Zm00001d047451	0.23	0.58
9	130632201	130649980	+	transcript:Zm00001d047451_T003	gene:Zm00001d047451	0.19	0.61
9	130632201	130649980	+	transcript:Zm00001d047451_T006	gene:Zm00001d047451	0.23	0.58
9	130632201	130649980	+	transcript:Zm00001d047451_T007	gene:Zm00001d047451	0.23	0.61
9	130889521	130890480	-	transcript:Zm00001d047460_T001	gene:Zm00001d047460	0.06	0.5
9	130897731	130901561	+	transcript:Zm00001d047462_T001	gene:Zm00001d047462	0.41	0.33
9	130967069	130969485	+	transcript:Zm00001d047466_T002	gene:Zm00001d047466	0.29	0.33
9	130971445	130981276	-	transcript:Zm00001d047467_T001	gene:Zm00001d047467	0.19	0.66
9	130971445	130981317	-	transcript:Zm00001d047467_T002	gene:Zm00001d047467	0.17	0.5
9	131003201	131006406	-	transcript:Zm00001d047468_T001	gene:Zm00001d047468	0.45	0.5
9	131184363	131185551	-	transcript:Zm00001d047470_T001	gene:Zm00001d047470	0.17	0.5
9	131250314	131251268	+	transcript:Zm00001d047472_T007	gene:Zm00001d047472	0.36	0.5
9	131320176	131324616	-	transcript:Zm00001d047474_T001	gene:Zm00001d047474	0.41	0.75
9	131427775	131429858	-	transcript:Zm00001d047477_T003	gene:Zm00001d047477	0.19	0.66
9	131494635	131498207	-	transcript:Zm00001d047479_T007	gene:Zm00001d047479	0.38	0.75
9	131494666	131497965	-	transcript:Zm00001d047479_T010	gene:Zm00001d047479	0.37	0.66
9	132134387	132140537	-	transcript:Zm00001d047488_T001	gene:Zm00001d047488	0.28	0.75
9	132231666	132237087	+	transcript:Zm00001d047489_T002	gene:Zm00001d047489	0.19	0.66
9	132231761	132237087	+	transcript:Zm00001d047489_T005	gene:Zm00001d047489	0.06	0.5
9	131985732	131987306	+	transcript:Zm00001d047487_T001	gene:Zm00001d047487	0.07	0.5
9	132662499	132671432	-	transcript:Zm00001d047497_T005	gene:Zm00001d047497	0.18	0.66
9	132530933	132533609	+	transcript:Zm00001d047495_T001	gene:Zm00001d047495	0.08	0.5
9	133080560	133081899	+	transcript:Zm00001d047508_T001	gene:Zm00001d047508	0.24	0.4
9	133110678	133112782	+	transcript:Zm00001d047511_T001	gene:Zm00001d047511	0.16	0.5
9	133526989	133528220	-	transcript:Zm00001d047523_T001	gene:Zm00001d047523	0.03	0.5
9	133570859	133572734	+	transcript:Zm00001d047525_T001	gene:Zm00001d047525	0.32	0.4
9	133966793	133980328	-	transcript:Zm00001d047528_T001	gene:Zm00001d047528	0.40	0.66
9	134287315	134292106	+	transcript:Zm00001d047538_T002	gene:Zm00001d047538	0.25	0.75
9	134287365	134292209	+	transcript:Zm00001d047538_T004	gene:Zm00001d047538	0.22	0.66
9	134367966	134371729	-	transcript:Zm00001d047539_T025	gene:Zm00001d047539	0.22	0.66
9	134367966	134371735	-	transcript:Zm00001d047539_T026	gene:Zm00001d047539	0.21	0.75
9	134367966	134371744	-	transcript:Zm00001d047539_T027	gene:Zm00001d047539	0.22	0.7
9	134368727	134371744	-	transcript:Zm00001d047539_T034	gene:Zm00001d047539	0.28	0.75
9	134442237	134444689	-	transcript:Zm00001d047540_T015	gene:Zm00001d047540	0.37	0.75
9	134873490	134874990	-	transcript:Zm00001d047546_T001	gene:Zm00001d047546	0.36	0.66
9	135398194	135411098	+	transcript:Zm00001d047557_T003	gene:Zm00001d047557	0.29	0.75
9	135398698	135411098	+	transcript:Zm00001d047557_T004	gene:Zm00001d047557	0.36	0.72
9	135941155	135946355	+	transcript:Zm00001d047570_T003	gene:Zm00001d047570	0.03	0.33
9	135941162	135946180	+	transcript:Zm00001d047570_T004	gene:Zm00001d047570	0.05	0.33
9	135941174	135946433	+	transcript:Zm00001d047570_T005	gene:Zm00001d047570	0.03	0.33
9	135941190	135946355	+	transcript:Zm00001d047570_T006	gene:Zm00001d047570	0.08	0.33
9	135941192	135946263	+	transcript:Zm00001d047570_T008	gene:Zm00001d047570	0.04	0.33
9	135941192	135946349	+	transcript:Zm00001d047570_T009	gene:Zm00001d047570	0.03	0.33
9	135941214	135946349	+	transcript:Zm00001d047570_T010	gene:Zm00001d047570	0.04	0.33
9	135941484	135946180	+	transcript:Zm00001d047570_T011	gene:Zm00001d047570	0.13	0.33
9	135786367	135793323	-	transcript:Zm00001d047566_T001	gene:Zm00001d047566	0.41	0.62
9	135786476	135793323	-	transcript:Zm00001d047566_T009	gene:Zm00001d047566	0.43	0.71
9	135786476	135793506	-	transcript:Zm00001d047566_T012	gene:Zm00001d047566	0.40	0.75
9	136326165	136330736	-	transcript:Zm00001d047581_T001	gene:Zm00001d047581	0.12	0.62
9	136358669	136371826	+	transcript:Zm00001d047583_T001	gene:Zm00001d047583	0.39	0.71
9	136681682	136684331	-	transcript:Zm00001d047595_T001	gene:Zm00001d047595	0.42	0.6
9	136758401	136763052	-	transcript:Zm00001d047601_T006	gene:Zm00001d047601	0.13	0.66
9	136758725	136763031	-	transcript:Zm00001d047601_T018	gene:Zm00001d047601	0.16	0.71
9	136494931	136499410	+	transcript:Zm00001d047589_T001	gene:Zm00001d047589	0.18	0.62
9	137229665	137231701	-	transcript:Zm00001d047620_T002	gene:Zm00001d047620	0.12	0.75
9	137329775	137330891	-	transcript:Zm00001d047622_T002	gene:Zm00001d047622	0.32	0.5
9	137077732	137080587	+	transcript:Zm00001d047616_T002	gene:Zm00001d047616	0.36	0.5
9	136965576	136979812	-	transcript:Zm00001d047608_T004	gene:Zm00001d047608	0.17	0.62
9	136965587	136975768	-	transcript:Zm00001d047608_T005	gene:Zm00001d047608	0.37	0.5
9	137788189	137790298	+	transcript:Zm00001d047636_T004	gene:Zm00001d047636	0.41	0.75
9	137788189	137801220	+	transcript:Zm00001d047636_T005	gene:Zm00001d047636	0.44	0.71
9	137834129	137836628	-	transcript:Zm00001d047639_T006	gene:Zm00001d047639	0.33	0.5
9	137872908	137874612	+	transcript:Zm00001d047640_T001	gene:Zm00001d047640	0.26	0.33
9	137459683	137460670	-	transcript:Zm00001d047626_T001	gene:Zm00001d047626	0.38	0.66
9	137464968	137472504	+	transcript:Zm00001d047628_T001	gene:Zm00001d047628	0.28	0.6
9	137595058	137598399	-	transcript:Zm00001d047633_T001	gene:Zm00001d047633	0.23	0.75
9	137595199	137599806	-	transcript:Zm00001d047633_T003	gene:Zm00001d047633	0.20	0.66
9	137595201	137599811	-	transcript:Zm00001d047633_T005	gene:Zm00001d047633	0.41	0.5
9	137667510	137670981	-	transcript:Zm00001d047635_T006	gene:Zm00001d047635	0.04	0.66
9	137667541	137669853	-	transcript:Zm00001d047635_T010	gene:Zm00001d047635	0.18	0.5
9	138240577	138241541	+	transcript:Zm00001d047655_T002	gene:Zm00001d047655	0.34	0.5
9	138240577	138241541	+	transcript:Zm00001d047655_T001	gene:Zm00001d047655	0.30	0.66
9	138353822	138358371	-	transcript:Zm00001d047659_T001	gene:Zm00001d047659	0.23	0.5
9	138353926	138358350	-	transcript:Zm00001d047659_T002	gene:Zm00001d047659	0.32	0.5
9	138406738	138409529	-	transcript:Zm00001d047661_T001	gene:Zm00001d047661	0.16	0.5
9	138444627	138451729	-	transcript:Zm00001d047662_T004	gene:Zm00001d047662	0.33	0.75
9	138649979	138656692	+	transcript:Zm00001d047667_T001	gene:Zm00001d047667	0.19	0.62
9	139334833	139337705	-	transcript:Zm00001d047686_T001	gene:Zm00001d047686	0.29	0.5
9	139359602	139363816	-	transcript:Zm00001d047688_T001	gene:Zm00001d047688	0.21	0.6
9	139370913	139375223	+	transcript:Zm00001d047690_T002	gene:Zm00001d047690	0.24	0.75
9	139371037	139375223	+	transcript:Zm00001d047690_T003	gene:Zm00001d047690	0.23	0.75
9	139371043	139373286	-	transcript:Zm00001d047691_T001	gene:Zm00001d047691	0.24	0.5
9	139044389	139049300	-	transcript:Zm00001d047676_T001	gene:Zm00001d047676	0.13	0.5
9	139044564	139049304	-	transcript:Zm00001d047676_T003	gene:Zm00001d047676	0.23	0.5
9	139044566	139050774	-	transcript:Zm00001d047676_T004	gene:Zm00001d047676	0.31	0.66
9	139130742	139133566	+	transcript:Zm00001d047679_T007	gene:Zm00001d047679	0.18	0.6
9	139142383	139155181	-	transcript:Zm00001d047681_T002	gene:Zm00001d047681	0.24	0.33
9	139142383	139155181	-	transcript:Zm00001d047681_T005	gene:Zm00001d047681	0.37	0.42
9	139142383	139155181	-	transcript:Zm00001d047681_T004	gene:Zm00001d047681	0.38	0.33
9	139142383	139155181	-	transcript:Zm00001d047681_T003	gene:Zm00001d047681	0.38	0.5
9	139521817	139526641	+	transcript:Zm00001d047701_T001	gene:Zm00001d047701	0.25	0.62
9	139533496	139535374	-	transcript:Zm00001d047703_T001	gene:Zm00001d047703	0.40	0.66
9	139664856	139667272	+	transcript:Zm00001d047706_T001	gene:Zm00001d047706	0.18	0.5
9	139741149	139746644	-	transcript:Zm00001d047710_T006	gene:Zm00001d047710	0.18	0.5
9	139741396	139746727	-	transcript:Zm00001d047710_T023	gene:Zm00001d047710	0.13	0.5
9	139754473	139758419	-	transcript:Zm00001d047713_T003	gene:Zm00001d047713	0.31	0.75
9	139754678	139758370	-	transcript:Zm00001d047713_T008	gene:Zm00001d047713	0.28	0.66
9	139940358	139944356	-	transcript:Zm00001d047721_T002	gene:Zm00001d047721	0.34	0.75
9	139941183	139944204	-	transcript:Zm00001d047721_T006	gene:Zm00001d047721	0.36	0.66
9	140058258	140061834	+	transcript:Zm00001d047727_T001	gene:Zm00001d047727	0.06	0.75
9	140058258	140061859	+	transcript:Zm00001d047727_T002	gene:Zm00001d047727	0.04	0.66
9	140438118	140443638	+	transcript:Zm00001d047742_T001	gene:Zm00001d047742	0.43	0.37
9	140333668	140335716	-	transcript:Zm00001d047738_T001	gene:Zm00001d047738	0.34	0.75
9	140341364	140351748	+	transcript:Zm00001d047739_T014	gene:Zm00001d047739	0.33	0.5
9	140351727	140357297	+	transcript:Zm00001d047739_T031	gene:Zm00001d047739	0.31	0.75
9	140353336	140357299	+	transcript:Zm00001d047739_T038	gene:Zm00001d047739	0.35	0.5
9	140362778	140363779	+	transcript:Zm00001d047740_T002	gene:Zm00001d047740	0.23	0.66
9	140072652	140115249	-	transcript:Zm00001d047729_T001	gene:Zm00001d047729	0.34	0.58
9	140072652	140115249	-	transcript:Zm00001d047729_T002	gene:Zm00001d047729	0.35	0.61
9	140072652	140115249	-	transcript:Zm00001d047729_T003	gene:Zm00001d047729	0.34	0.61
9	140704233	140707440	-	transcript:Zm00001d047746_T007	gene:Zm00001d047746	0.19	0.66
9	140734592	140740564	-	transcript:Zm00001d047747_T001	gene:Zm00001d047747	0.18	0.55
9	141351284	141354952	+	transcript:Zm00001d047767_T001	gene:Zm00001d047767	0.09	0.66
9	141351284	141354968	+	transcript:Zm00001d047767_T002	gene:Zm00001d047767	0.15	0.33
9	141351296	141354969	+	transcript:Zm00001d047767_T004	gene:Zm00001d047767	0.10	0.66
9	141351298	141354952	+	transcript:Zm00001d047767_T005	gene:Zm00001d047767	0.40	0.5
9	141351460	141354776	+	transcript:Zm00001d047767_T006	gene:Zm00001d047767	0.31	0.5
9	141371092	141377648	+	transcript:Zm00001d047770_T004	gene:Zm00001d047770	0.37	0.57
9	141371092	141377648	+	transcript:Zm00001d047770_T005	gene:Zm00001d047770	0.36	0.66
9	141371092	141377648	+	transcript:Zm00001d047770_T002	gene:Zm00001d047770	0.37	0.71
9	141371092	141377648	+	transcript:Zm00001d047770_T001	gene:Zm00001d047770	0.35	0.75
9	141371092	141377648	+	transcript:Zm00001d047770_T003	gene:Zm00001d047770	0.35	0.75
9	141491896	141495952	-	transcript:Zm00001d047777_T005	gene:Zm00001d047777	0.30	0.75
9	141026557	141029594	-	transcript:Zm00001d047758_T001	gene:Zm00001d047758	0.22	0.5
9	141026583	141029594	-	transcript:Zm00001d047758_T002	gene:Zm00001d047758	0.25	0.66
9	141201656	141214852	-	transcript:Zm00001d047762_T001	gene:Zm00001d047762	0.28	0.63
9	142021887	142024508	-	transcript:Zm00001d047798_T001	gene:Zm00001d047798	0.50	0.5
9	142245013	142254604	-	transcript:Zm00001d047805_T003	gene:Zm00001d047805	0.42	0.66
9	142331350	142336894	-	transcript:Zm00001d047808_T001	gene:Zm00001d047808	0.21	0.6
9	142331353	142336894	-	transcript:Zm00001d047808_T005	gene:Zm00001d047808	0.23	0.66
9	142389137	142393194	-	transcript:Zm00001d047812_T003	gene:Zm00001d047812	0.31	0.66
9	142473442	142477283	+	transcript:Zm00001d047813_T002	gene:Zm00001d047813	0.10	0.33
9	142473468	142477100	+	transcript:Zm00001d047813_T004	gene:Zm00001d047813	0.14	0.66
9	142577597	142580582	+	transcript:Zm00001d047817_T001	gene:Zm00001d047817	0.20	0.75
9	142600819	142606206	-	transcript:Zm00001d047823_T001	gene:Zm00001d047823	0.33	0.5
9	142600819	142606209	-	transcript:Zm00001d047823_T002	gene:Zm00001d047823	0.34	0.57
9	142669381	142672793	+	transcript:Zm00001d047830_T002	gene:Zm00001d047830	0.15	0.42
9	142669468	142672755	+	transcript:Zm00001d047830_T003	gene:Zm00001d047830	0.16	0.33
9	142497810	142499028	-	transcript:Zm00001d047814_T002	gene:Zm00001d047814	0.31	0.5
9	143110723	143116518	+	transcript:Zm00001d047843_T003	gene:Zm00001d047843	0.22	0.5
9	143195591	143199143	+	transcript:Zm00001d047847_T004	gene:Zm00001d047847	0.31	0.71
9	143195591	143199143	+	transcript:Zm00001d047847_T003	gene:Zm00001d047847	0.31	0.71
9	143195695	143199139	+	transcript:Zm00001d047847_T012	gene:Zm00001d047847	0.31	0.71
9	143212403	143214160	-	transcript:Zm00001d047848_T002	gene:Zm00001d047848	0.25	0.5
9	143460831	143462036	+	transcript:Zm00001d047851_T001	gene:Zm00001d047851	0.30	0.33
9	143461029	143462036	+	transcript:Zm00001d047851_T002	gene:Zm00001d047851	0.34	0.5
9	143469550	143474445	-	transcript:Zm00001d047853_T002	gene:Zm00001d047853	0.28	0.55
9	143533367	143538913	-	transcript:Zm00001d047856_T002	gene:Zm00001d047856	0.39	0.66
9	143640642	143643255	-	transcript:Zm00001d047861_T001	gene:Zm00001d047861	0.30	0.75
9	143659557	143663532	-	transcript:Zm00001d047863_T001	gene:Zm00001d047863	0.40	0.5
9	143659557	143668321	-	transcript:Zm00001d047863_T004	gene:Zm00001d047863	0.36	0.75
9	143390804	143394015	+	transcript:Zm00001d047850_T001	gene:Zm00001d047850	0.21	0.66
9	142826331	142832826	-	transcript:Zm00001d047835_T001	gene:Zm00001d047835	0.34	0.66
9	142826436	142832862	-	transcript:Zm00001d047835_T003	gene:Zm00001d047835	0.11	0.66
9	142784674	142792921	+	transcript:Zm00001d047833_T006	gene:Zm00001d047833	0.32	0.75
9	143762927	143764802	+	transcript:Zm00001d047864_T001	gene:Zm00001d047864	0.27	0.5
9	143868691	143869734	-	transcript:Zm00001d047870_T001	gene:Zm00001d047870	0.47	0.75
9	144021986	144032236	+	transcript:Zm00001d047875_T004	gene:Zm00001d047875	0.11	0.62
9	144032499	144040512	-	transcript:Zm00001d047876_T002	gene:Zm00001d047876	0.11	0.5
9	144124161	144128040	-	transcript:Zm00001d047881_T002	gene:Zm00001d047881	0.03	0.66
9	144129691	144139957	-	transcript:Zm00001d047882_T004	gene:Zm00001d047882	0.23	0.62
9	144129933	144139943	-	transcript:Zm00001d047882_T012	gene:Zm00001d047882	0.27	0.66
9	144449167	144456451	+	transcript:Zm00001d047889_T026	gene:Zm00001d047889	0.47	0.5
9	144530730	144533291	-	transcript:Zm00001d047895_T001	gene:Zm00001d047895	0.12	0.5
9	144617924	144621907	+	transcript:Zm00001d047896_T006	gene:Zm00001d047896	0.28	0.33
9	144617967	144621912	+	transcript:Zm00001d047896_T007	gene:Zm00001d047896	0.40	0.66
9	145447920	145457166	+	transcript:Zm00001d047920_T003	gene:Zm00001d047920	0.22	0.75
9	145079904	145081407	+	transcript:Zm00001d047911_T014	gene:Zm00001d047911	0.39	0.5
9	144877403	144885617	+	transcript:Zm00001d047906_T004	gene:Zm00001d047906	0.24	0.75
9	144877403	144885617	+	transcript:Zm00001d047906_T003	gene:Zm00001d047906	0.25	0.62
9	145518104	145525702	-	transcript:Zm00001d047923_T004	gene:Zm00001d047923	0.09	0.57
9	145518214	145525642	-	transcript:Zm00001d047923_T023	gene:Zm00001d047923	0.18	0.66
9	145518451	145525562	-	transcript:Zm00001d047923_T038	gene:Zm00001d047923	0.31	0.71
9	145559655	145560719	+	transcript:Zm00001d047924_T001	gene:Zm00001d047924	0.28	0.75
9	145563725	145565197	-	transcript:Zm00001d047925_T001	gene:Zm00001d047925	0.42	0.66
9	145565305	145566126	+	transcript:Zm00001d047926_T001	gene:Zm00001d047926	0.47	0.5
9	145586361	145589997	-	transcript:Zm00001d047928_T001	gene:Zm00001d047928	0.26	0.6
9	145590524	145593771	+	transcript:Zm00001d047929_T001	gene:Zm00001d047929	0.24	0.66
9	145674223	145684221	-	transcript:Zm00001d047935_T001	gene:Zm00001d047935	0.27	0.75
9	145680522	145684221	-	transcript:Zm00001d047935_T004	gene:Zm00001d047935	0.40	0.33
9	146177824	146180454	+	transcript:Zm00001d047959_T001	gene:Zm00001d047959	0.21	0.5
9	146323416	146325394	-	transcript:Zm00001d047961_T001	gene:Zm00001d047961	0.21	0.5
9	146097959	146100939	-	transcript:Zm00001d047955_T002	gene:Zm00001d047955	0.03	0.5
9	145880460	145883075	-	transcript:Zm00001d047940_T002	gene:Zm00001d047940	0.44	0.75
9	145880460	145883075	-	transcript:Zm00001d047940_T001	gene:Zm00001d047940	0.44	0.5
9	145880460	145884627	-	transcript:Zm00001d047940_T003	gene:Zm00001d047940	0.43	0.75
9	145880460	145885734	-	transcript:Zm00001d047940_T004	gene:Zm00001d047940	0.44	0.5
9	145880460	145889942	-	transcript:Zm00001d047940_T009	gene:Zm00001d047940	0.39	0.75
9	146062077	146065983	+	transcript:Zm00001d047951_T001	gene:Zm00001d047951	0.24	0.5
9	146062172	146066175	+	transcript:Zm00001d047951_T004	gene:Zm00001d047951	0.30	0.5
9	146542837	146546292	+	transcript:Zm00001d047965_T007	gene:Zm00001d047965	0.41	0.66
9	146753095	146755815	+	transcript:Zm00001d047972_T001	gene:Zm00001d047972	0.07	0.5
9	146753179	146755948	+	transcript:Zm00001d047972_T002	gene:Zm00001d047972	0.11	0.6
9	146809411	146832372	-	transcript:Zm00001d047975_T001	gene:Zm00001d047975	0.11	0.45
9	146948067	146950987	-	transcript:Zm00001d047979_T001	gene:Zm00001d047979	0.45	0.66
9	146948067	146951049	-	transcript:Zm00001d047979_T002	gene:Zm00001d047979	0.45	0.66
9	146682909	146686314	+	transcript:Zm00001d047970_T002	gene:Zm00001d047970	0.46	0.66
9	147117842	147119639	-	transcript:Zm00001d047981_T002	gene:Zm00001d047981	0.15	0.66
9	147127843	147139925	-	transcript:Zm00001d047983_T001	gene:Zm00001d047983	0.34	0.66
9	147127843	147139955	-	transcript:Zm00001d047983_T003	gene:Zm00001d047983	0.34	0.75
9	147127903	147130099	-	transcript:Zm00001d047983_T004	gene:Zm00001d047983	0.40	0.66
9	147154886	147157252	+	transcript:Zm00001d047984_T001	gene:Zm00001d047984	0.20	0.5
9	147193478	147201096	+	transcript:Zm00001d047985_T002	gene:Zm00001d047985	0.09	0.71
9	147260710	147267307	+	transcript:Zm00001d047986_T021	gene:Zm00001d047986	0.19	0.71
9	147612569	147616667	-	transcript:Zm00001d047998_T005	gene:Zm00001d047998	0.35	0.71
9	147624186	147626585	-	transcript:Zm00001d047999_T001	gene:Zm00001d047999	0.35	0.66
9	147624186	147626585	-	transcript:Zm00001d047999_T002	gene:Zm00001d047999	0.37	0.71
9	147668913	147678365	+	transcript:Zm00001d048001_T001	gene:Zm00001d048001	0.13	0.68
9	147681450	147682418	+	transcript:Zm00001d048003_T001	gene:Zm00001d048003	0.21	0.33
9	147855948	147861068	+	transcript:Zm00001d048007_T001	gene:Zm00001d048007	0.27	0.5
9	147310104	147318859	+	transcript:Zm00001d047988_T009	gene:Zm00001d047988	0.34	0.73
9	147316075	147318859	+	transcript:Zm00001d047988_T019	gene:Zm00001d047988	0.43	0.4
9	147397735	147399062	+	transcript:Zm00001d047991_T001	gene:Zm00001d047991	0.11	0.5
9	147397735	147399125	+	transcript:Zm00001d047991_T002	gene:Zm00001d047991	0.17	0.4
9	147989405	147992589	-	transcript:Zm00001d048011_T001	gene:Zm00001d048011	0.23	0.75
9	148119847	148122782	+	transcript:Zm00001d048017_T001	gene:Zm00001d048017	0.40	0.6
9	148178266	148179408	+	transcript:Zm00001d048020_T001	gene:Zm00001d048020	0.23	0.66
9	148178331	148179226	+	transcript:Zm00001d048020_T002	gene:Zm00001d048020	0.22	0.66
9	148611010	148615939	-	transcript:Zm00001d048041_T001	gene:Zm00001d048041	0.26	0.6
9	148611010	148615964	-	transcript:Zm00001d048041_T002	gene:Zm00001d048041	0.26	0.6
9	148611010	148615970	-	transcript:Zm00001d048041_T004	gene:Zm00001d048041	0.23	0.4
9	148611038	148615970	-	transcript:Zm00001d048041_T006	gene:Zm00001d048041	0.17	0.33
9	148686754	148689052	+	transcript:Zm00001d048045_T001	gene:Zm00001d048045	0.02	0.5
9	148736781	148739585	-	transcript:Zm00001d048047_T001	gene:Zm00001d048047	0.44	0.5
9	148737160	148746350	-	transcript:Zm00001d048047_T022	gene:Zm00001d048047	0.35	0.66
9	148737170	148744900	-	transcript:Zm00001d048047_T023	gene:Zm00001d048047	0.38	0.71
9	148365536	148369251	+	transcript:Zm00001d048029_T001	gene:Zm00001d048029	0.22	0.66
9	148443130	148448996	+	transcript:Zm00001d048031_T072	gene:Zm00001d048031	0.37	0.66
9	148452882	148454030	+	transcript:Zm00001d048035_T001	gene:Zm00001d048035	0.41	0.5
9	149248149	149254231	+	transcript:Zm00001d048065_T001	gene:Zm00001d048065	0.25	0.5
9	148857203	148864789	+	transcript:Zm00001d048049_T085	gene:Zm00001d048049	0.20	0.71
9	148859528	148864780	+	transcript:Zm00001d048049_T102	gene:Zm00001d048049	0.29	0.75
9	148915850	148919556	+	transcript:Zm00001d048052_T001	gene:Zm00001d048052	0.37	0.6
9	149454969	149461437	-	transcript:Zm00001d048080_T001	gene:Zm00001d048080	0.18	0.4
9	149455007	149461437	-	transcript:Zm00001d048080_T004	gene:Zm00001d048080	0.19	0.5
9	149600702	149607388	+	transcript:Zm00001d048081_T009	gene:Zm00001d048081	0.33	0.38
9	149613002	149621293	+	transcript:Zm00001d048082_T001	gene:Zm00001d048082	0.14	0.71
9	149896360	149906407	+	transcript:Zm00001d048089_T004	gene:Zm00001d048089	0.34	0.42
9	149896360	149906407	+	transcript:Zm00001d048089_T003	gene:Zm00001d048089	0.40	0.5
9	149896360	149906407	+	transcript:Zm00001d048089_T002	gene:Zm00001d048089	0.40	0.5
9	149914409	149918353	-	transcript:Zm00001d048091_T009	gene:Zm00001d048091	0.40	0.66
9	149962274	149969070	+	transcript:Zm00001d048092_T001	gene:Zm00001d048092	0.22	0.71
9	149962282	149969070	+	transcript:Zm00001d048092_T002	gene:Zm00001d048092	0.23	0.73
9	150084427	150093123	-	transcript:Zm00001d048096_T023	gene:Zm00001d048096	0.10	0.57
9	150093709	150097768	-	transcript:Zm00001d048097_T001	gene:Zm00001d048097	0.36	0.6
9	150165986	150170048	-	transcript:Zm00001d048100_T002	gene:Zm00001d048100	0.17	0.71
9	150166139	150169832	-	transcript:Zm00001d048100_T004	gene:Zm00001d048100	0.24	0.62
9	150166139	150170048	-	transcript:Zm00001d048100_T005	gene:Zm00001d048100	0.22	0.75
9	149979853	149981940	-	transcript:Zm00001d048093_T002	gene:Zm00001d048093	0.17	0.5
9	150649852	150650700	+	transcript:Zm00001d048135_T003	gene:Zm00001d048135	0.37	0.5
9	150675937	150681529	+	transcript:Zm00001d048137_T002	gene:Zm00001d048137	0.04	0.5
9	150676045	150681445	+	transcript:Zm00001d048137_T004	gene:Zm00001d048137	0.08	0.71
9	150676164	150680517	+	transcript:Zm00001d048137_T006	gene:Zm00001d048137	0.26	0.6
9	150683501	150687947	-	transcript:Zm00001d048138_T010	gene:Zm00001d048138	0.15	0.33
9	150683523	150688284	-	transcript:Zm00001d048138_T014	gene:Zm00001d048138	0.09	0.5
9	150683540	150688687	-	transcript:Zm00001d048138_T025	gene:Zm00001d048138	0.19	0.6
9	150683545	150688284	-	transcript:Zm00001d048138_T026	gene:Zm00001d048138	0.08	0.5
9	150683560	150687947	-	transcript:Zm00001d048138_T028	gene:Zm00001d048138	0.10	0.66
9	150708823	150712178	-	transcript:Zm00001d048139_T001	gene:Zm00001d048139	0.40	0.75
9	150725964	150727787	+	transcript:Zm00001d048141_T001	gene:Zm00001d048141	0.07	0.75
9	150751083	150755678	-	transcript:Zm00001d048142_T001	gene:Zm00001d048142	0.03	0.66
9	150812399	150814561	+	transcript:Zm00001d048143_T001	gene:Zm00001d048143	0.18	0.66
9	150812425	150814544	+	transcript:Zm00001d048143_T002	gene:Zm00001d048143	0.30	0.5
9	150819610	150827514	-	transcript:Zm00001d048145_T001	gene:Zm00001d048145	0.32	0.5
9	150346816	150354942	+	transcript:Zm00001d048108_T001	gene:Zm00001d048108	0.41	0.66
9	150383718	150390329	+	transcript:Zm00001d048114_T001	gene:Zm00001d048114	0.41	0.5
9	150477122	150484942	+	transcript:Zm00001d048119_T037	gene:Zm00001d048119	0.35	0.75
9	150491614	150495368	+	transcript:Zm00001d048122_T001	gene:Zm00001d048122	0.32	0.57
9	150492033	150495368	+	transcript:Zm00001d048122_T003	gene:Zm00001d048122	0.34	0.57
9	150509852	150511243	+	transcript:Zm00001d048126_T010	gene:Zm00001d048126	0.44	0.75
9	150511914	150520610	-	transcript:Zm00001d048127_T001	gene:Zm00001d048127	0.32	0.5
9	150529019	150532839	+	transcript:Zm00001d048129_T001	gene:Zm00001d048129	0.23	0.5
9	150285885	150288677	-	transcript:Zm00001d048104_T001	gene:Zm00001d048104	0.21	0.66
9	150290257	150292968	-	transcript:Zm00001d048105_T005	gene:Zm00001d048105	0.12	0.66
9	150290399	150292962	-	transcript:Zm00001d048105_T009	gene:Zm00001d048105	0.15	0.66
9	151214078	151215368	-	transcript:Zm00001d048161_T002	gene:Zm00001d048161	0.13	0.5
9	151236981	151238474	-	transcript:Zm00001d048164_T001	gene:Zm00001d048164	0.34	0.66
9	151240882	151242214	+	transcript:Zm00001d048165_T002	gene:Zm00001d048165	0.21	0.5
9	151240885	151242230	+	transcript:Zm00001d048165_T005	gene:Zm00001d048165	0.22	0.5
9	151310394	151315075	-	transcript:Zm00001d048171_T004	gene:Zm00001d048171	0.27	0.66
9	150983409	150986660	+	transcript:Zm00001d048151_T001	gene:Zm00001d048151	0.03	0.75
9	150994557	150997566	-	transcript:Zm00001d048152_T001	gene:Zm00001d048152	0.11	0.5
9	150994557	150997579	-	transcript:Zm00001d048152_T002	gene:Zm00001d048152	0.14	0.6
9	151141138	151144503	-	transcript:Zm00001d048159_T002	gene:Zm00001d048159	0.31	0.57
9	151547408	151549040	-	transcript:Zm00001d048176_T001	gene:Zm00001d048176	0.25	0.5
9	151547412	151549035	-	transcript:Zm00001d048176_T005	gene:Zm00001d048176	0.25	0.5
9	151547412	151550218	-	transcript:Zm00001d048176_T010	gene:Zm00001d048176	0.08	0.66
9	151547413	151550001	-	transcript:Zm00001d048176_T011	gene:Zm00001d048176	0.29	0.6
9	151547436	151550006	-	transcript:Zm00001d048176_T014	gene:Zm00001d048176	0.15	0.66
9	151547450	151550004	-	transcript:Zm00001d048176_T015	gene:Zm00001d048176	0.16	0.6
9	151734078	151736181	-	transcript:Zm00001d048179_T001	gene:Zm00001d048179	0.22	0.71
9	151805188	151809740	+	transcript:Zm00001d048181_T003	gene:Zm00001d048181	0.20	0.66
9	152167685	152170674	-	transcript:Zm00001d048193_T001	gene:Zm00001d048193	0.36	0.75
9	152369555	152374278	+	transcript:Zm00001d048201_T005	gene:Zm00001d048201	0.42	0.5
9	152408629	152412651	-	transcript:Zm00001d048205_T005	gene:Zm00001d048205	0.19	0.71
9	152500496	152504181	-	transcript:Zm00001d048207_T001	gene:Zm00001d048207	0.29	0.6
9	152376010	152377305	+	transcript:Zm00001d048202_T002	gene:Zm00001d048202	0.08	0.5
9	152791018	152793577	-	transcript:Zm00001d048227_T001	gene:Zm00001d048227	0.05	0.33
9	152802919	152804818	-	transcript:Zm00001d048229_T002	gene:Zm00001d048229	0.30	0.33
9	153105447	153107930	+	transcript:Zm00001d048243_T002	gene:Zm00001d048243	0.29	0.5
9	153119353	153121492	+	transcript:Zm00001d048244_T001	gene:Zm00001d048244	0.06	0.6
9	153121814	153124372	-	transcript:Zm00001d048245_T001	gene:Zm00001d048245	0.24	0.6
9	153250683	153253737	+	transcript:Zm00001d048252_T004	gene:Zm00001d048252	0.33	0.66
9	153255362	153257854	-	transcript:Zm00001d048253_T002	gene:Zm00001d048253	0.06	0.66
9	153255390	153257903	-	transcript:Zm00001d048253_T003	gene:Zm00001d048253	0.34	0.5
9	153255510	153257880	-	transcript:Zm00001d048253_T004	gene:Zm00001d048253	0.33	0.66
9	153606251	153613400	-	transcript:Zm00001d048272_T026	gene:Zm00001d048272	0.37	0.75
9	153315971	153318453	-	transcript:Zm00001d048256_T001	gene:Zm00001d048256	0.32	0.66
9	153315977	153318502	-	transcript:Zm00001d048256_T003	gene:Zm00001d048256	0.43	0.5
9	153316104	153318479	-	transcript:Zm00001d048256_T004	gene:Zm00001d048256	0.43	0.66
9	153366311	153376606	-	transcript:Zm00001d048258_T010	gene:Zm00001d048258	0.32	0.69
9	153366311	153376606	-	transcript:Zm00001d048258_T006	gene:Zm00001d048258	0.34	0.64
9	153366311	153376606	-	transcript:Zm00001d048258_T009	gene:Zm00001d048258	0.36	0.69
9	153366311	153376606	-	transcript:Zm00001d048258_T007	gene:Zm00001d048258	0.35	0.69
9	153366311	153376606	-	transcript:Zm00001d048258_T008	gene:Zm00001d048258	0.34	0.64
9	153366579	153376606	-	transcript:Zm00001d048258_T025	gene:Zm00001d048258	0.34	0.63
9	153391149	153394507	-	transcript:Zm00001d048260_T001	gene:Zm00001d048260	0.11	0.75
9	153453183	153458027	+	transcript:Zm00001d048266_T001	gene:Zm00001d048266	0.19	0.36
9	153482648	153483975	+	transcript:Zm00001d048267_T004	gene:Zm00001d048267	0.41	0.66
9	154241747	154243831	+	transcript:Zm00001d048305_T001	gene:Zm00001d048305	0.13	0.75
9	154323543	154326160	-	transcript:Zm00001d048310_T005	gene:Zm00001d048310	0.36	0.66
9	154323618	154325671	-	transcript:Zm00001d048310_T007	gene:Zm00001d048310	0.38	0.66
9	154433413	154435731	+	transcript:Zm00001d048312_T002	gene:Zm00001d048312	0.30	0.5
9	154450335	154453803	-	transcript:Zm00001d048315_T001	gene:Zm00001d048315	0.18	0.7
9	154468684	154472507	-	transcript:Zm00001d048319_T002	gene:Zm00001d048319	0.20	0.71
9	154468684	154472507	-	transcript:Zm00001d048319_T003	gene:Zm00001d048319	0.19	0.75
9	154002114	154006592	-	transcript:Zm00001d048292_T003	gene:Zm00001d048292	0.21	0.45
9	154028601	154033856	-	transcript:Zm00001d048295_T001	gene:Zm00001d048295	0.36	0.4
9	154130899	154134123	-	transcript:Zm00001d048299_T003	gene:Zm00001d048299	0.29	0.62
9	154161995	154167015	-	transcript:Zm00001d048301_T001	gene:Zm00001d048301	0.37	0.71
9	153880862	153883850	-	transcript:Zm00001d048284_T001	gene:Zm00001d048284	0.09	0.5
9	153885055	153887462	-	transcript:Zm00001d048285_T001	gene:Zm00001d048285	0.33	0.5
9	154593581	154596022	-	transcript:Zm00001d048334_T002	gene:Zm00001d048334	0.25	0.75
9	154661276	154667106	+	transcript:Zm00001d048336_T006	gene:Zm00001d048336	0.11	0.66
9	154480082	154481112	+	transcript:Zm00001d048321_T001	gene:Zm00001d048321	0.20	0.66
9	154480174	154481030	+	transcript:Zm00001d048321_T002	gene:Zm00001d048321	0.25	0.66
9	154481262	154483447	-	transcript:Zm00001d048322_T001	gene:Zm00001d048322	0.43	0.4
9	154490005	154493752	-	transcript:Zm00001d048324_T001	gene:Zm00001d048324	0.29	0.75
9	154804695	154805750	+	transcript:Zm00001d048344_T003	gene:Zm00001d048344	0.33	0.5
9	154821118	154823258	-	transcript:Zm00001d048346_T002	gene:Zm00001d048346	0.39	0.5
9	154821335	154823305	-	transcript:Zm00001d048346_T003	gene:Zm00001d048346	0.39	0.66
9	154824112	154825475	-	transcript:Zm00001d048347_T001	gene:Zm00001d048347	0.35	0.5
9	154975226	154979466	+	transcript:Zm00001d048359_T002	gene:Zm00001d048359	0.20	0.75
9	154975228	154979235	+	transcript:Zm00001d048359_T003	gene:Zm00001d048359	0.19	0.75
9	154975228	154979466	+	transcript:Zm00001d048359_T004	gene:Zm00001d048359	0.15	0.66
9	154975894	154979325	+	transcript:Zm00001d048359_T008	gene:Zm00001d048359	0.19	0.66
9	155112607	155116062	+	transcript:Zm00001d048362_T002	gene:Zm00001d048362	0.30	0.57
9	155195026	155197179	+	transcript:Zm00001d048368_T001	gene:Zm00001d048368	0.36	0.66
9	155195027	155197195	+	transcript:Zm00001d048368_T002	gene:Zm00001d048368	0.36	0.66
9	155195027	155197199	+	transcript:Zm00001d048368_T003	gene:Zm00001d048368	0.36	0.66
9	155195027	155197492	+	transcript:Zm00001d048368_T004	gene:Zm00001d048368	0.36	0.5
9	155195031	155197221	+	transcript:Zm00001d048368_T005	gene:Zm00001d048368	0.35	0.66
9	155252943	155254133	-	transcript:Zm00001d048374_T001	gene:Zm00001d048374	0.30	0.5
9	155256628	155260667	-	transcript:Zm00001d048376_T001	gene:Zm00001d048376	0.15	0.66
9	155270769	155273709	+	transcript:Zm00001d048379_T001	gene:Zm00001d048379	0.38	0.75
9	155270769	155273709	+	transcript:Zm00001d048379_T002	gene:Zm00001d048379	0.33	0.7
9	155445018	155459975	-	transcript:Zm00001d048392_T007	gene:Zm00001d048392	0.19	0.75
9	155445018	155459975	-	transcript:Zm00001d048392_T004	gene:Zm00001d048392	0.19	0.73
9	155445018	155459975	-	transcript:Zm00001d048392_T006	gene:Zm00001d048392	0.18	0.73
9	155445154	155459935	-	transcript:Zm00001d048392_T017	gene:Zm00001d048392	0.14	0.75
9	155584129	155584993	-	transcript:Zm00001d048396_T002	gene:Zm00001d048396	0.42	0.5
9	155585506	155588310	-	transcript:Zm00001d048397_T003	gene:Zm00001d048397	0.36	0.6
9	156098868	156102114	+	transcript:Zm00001d048430_T015	gene:Zm00001d048430	0.44	0.66
9	155994048	155998917	-	transcript:Zm00001d048424_T006	gene:Zm00001d048424	0.40	0.5
9	155704857	155709375	+	transcript:Zm00001d048408_T001	gene:Zm00001d048408	0.33	0.66
9	155704857	155709375	+	transcript:Zm00001d048408_T002	gene:Zm00001d048408	0.39	0.71
9	155704857	155709375	+	transcript:Zm00001d048408_T003	gene:Zm00001d048408	0.33	0.6
9	155819418	155824302	+	transcript:Zm00001d048412_T001	gene:Zm00001d048412	0.25	0.6
9	155819490	155824302	+	transcript:Zm00001d048412_T002	gene:Zm00001d048412	0.26	0.55
9	155849854	155852372	-	transcript:Zm00001d048414_T001	gene:Zm00001d048414	0.21	0.75
9	155947173	155954810	+	transcript:Zm00001d048419_T004	gene:Zm00001d048419	0.41	0.66
9	155947173	155954810	+	transcript:Zm00001d048419_T003	gene:Zm00001d048419	0.41	0.6
9	155670062	155681591	+	transcript:Zm00001d048404_T005	gene:Zm00001d048404	0.21	0.71
9	155670062	155681591	+	transcript:Zm00001d048404_T003	gene:Zm00001d048404	0.21	0.62
9	156609608	156610275	+	transcript:Zm00001d048448_T001	gene:Zm00001d048448	0.42	0.5
9	156658173	156665536	+	transcript:Zm00001d048452_T003	gene:Zm00001d048452	0.30	0.5
9	156705048	156709982	-	transcript:Zm00001d048459_T007	gene:Zm00001d048459	0.28	0.58
9	156705048	156709982	-	transcript:Zm00001d048459_T006	gene:Zm00001d048459	0.28	0.66
9	156752400	156768303	+	transcript:Zm00001d048461_T002	gene:Zm00001d048461	0.26	0.75
9	156577584	156583021	-	transcript:Zm00001d048445_T002	gene:Zm00001d048445	0.37	0.71
9	156579974	156583021	-	transcript:Zm00001d048445_T006	gene:Zm00001d048445	0.41	0.66
9	156595023	156602824	-	transcript:Zm00001d048447_T001	gene:Zm00001d048447	0.39	0.5
9	156595023	156602824	-	transcript:Zm00001d048447_T003	gene:Zm00001d048447	0.43	0.41
9	156595023	156602824	-	transcript:Zm00001d048447_T002	gene:Zm00001d048447	0.39	0.57
9	156317542	156321056	-	transcript:Zm00001d048436_T001	gene:Zm00001d048436	0.20	0.66
9	156317542	156321056	-	transcript:Zm00001d048436_T002	gene:Zm00001d048436	0.19	0.66
9	156326677	156328856	-	transcript:Zm00001d048437_T001	gene:Zm00001d048437	0.31	0.5
9	156420521	156423683	-	transcript:Zm00001d048439_T008	gene:Zm00001d048439	0.12	0.5
9	156420521	156423683	-	transcript:Zm00001d048439_T009	gene:Zm00001d048439	0.14	0.66
9	156573704	156574992	+	transcript:Zm00001d048443_T007	gene:Zm00001d048443	0.38	0.33
9	157239867	157240885	-	transcript:Zm00001d048497_T004	gene:Zm00001d048497	0.38	0.66
9	157464001	157467635	-	transcript:Zm00001d048503_T001	gene:Zm00001d048503	0.21	0.5
9	157077984	157083805	+	transcript:Zm00001d048487_T001	gene:Zm00001d048487	0.12	0.4
9	156890330	156894199	-	transcript:Zm00001d048471_T002	gene:Zm00001d048471	0.37	0.62
9	157960884	157965279	-	transcript:Zm00001d048535_T033	gene:Zm00001d048535	0.34	0.75
9	157962046	157966286	-	transcript:Zm00001d048535_T066	gene:Zm00001d048535	0.36	0.5
9	157547760	157554131	+	transcript:Zm00001d048509_T001	gene:Zm00001d048509	0.18	0.66
9	157554367	157559184	-	transcript:Zm00001d048510_T005	gene:Zm00001d048510	0.21	0.5
9	157630263	157631908	-	transcript:Zm00001d048515_T001	gene:Zm00001d048515	0.41	0.5
9	157630263	157631908	-	transcript:Zm00001d048515_T002	gene:Zm00001d048515	0.41	0.5
9	157630263	157631951	-	transcript:Zm00001d048515_T004	gene:Zm00001d048515	0.40	0.71
9	157632246	157634545	-	transcript:Zm00001d048516_T004	gene:Zm00001d048516	0.36	0.33
9	157637950	157639114	+	transcript:Zm00001d048517_T001	gene:Zm00001d048517	0.11	0.5
9	157710389	157711873	-	transcript:Zm00001d048518_T001	gene:Zm00001d048518	0.26	0.5
9	157714277	157715705	-	transcript:Zm00001d048520_T002	gene:Zm00001d048520	0.20	0.33
9	157714340	157715701	-	transcript:Zm00001d048520_T005	gene:Zm00001d048520	0.18	0.5
9	157714377	157715701	-	transcript:Zm00001d048520_T007	gene:Zm00001d048520	0.25	0.5
9	157714379	157715664	-	transcript:Zm00001d048520_T008	gene:Zm00001d048520	0.29	0.5
9	157714379	157715672	-	transcript:Zm00001d048520_T009	gene:Zm00001d048520	0.25	0.33
9	157714379	157715705	-	transcript:Zm00001d048520_T010	gene:Zm00001d048520	0.27	0.5
9	157714381	157715703	-	transcript:Zm00001d048520_T012	gene:Zm00001d048520	0.27	0.5
9	157714428	157715703	-	transcript:Zm00001d048520_T014	gene:Zm00001d048520	0.21	0.5
9	157714428	157715705	-	transcript:Zm00001d048520_T015	gene:Zm00001d048520	0.23	0.5
9	157714429	157715701	-	transcript:Zm00001d048520_T017	gene:Zm00001d048520	0.28	0.5
9	157714429	157715701	-	transcript:Zm00001d048520_T016	gene:Zm00001d048520	0.22	0.5
9	157718905	157721676	-	transcript:Zm00001d048521_T001	gene:Zm00001d048521	0.17	0.5
9	157493100	157496848	-	transcript:Zm00001d048507_T003	gene:Zm00001d048507	0.20	0.71
9	158112495	158124823	+	transcript:Zm00001d048540_T002	gene:Zm00001d048540	0.28	0.63
9	158174063	158186000	+	transcript:Zm00001d048541_T018	gene:Zm00001d048541	0.24	0.75
9	158181175	158185889	+	transcript:Zm00001d048541_T048	gene:Zm00001d048541	0.39	0.5
9	158371874	158377251	+	transcript:Zm00001d048545_T003	gene:Zm00001d048545	0.40	0.72
9	158371874	158377251	+	transcript:Zm00001d048545_T002	gene:Zm00001d048545	0.40	0.72
9	158371926	158377251	+	transcript:Zm00001d048545_T004	gene:Zm00001d048545	0.40	0.75
9	158371926	158377251	+	transcript:Zm00001d048545_T005	gene:Zm00001d048545	0.41	0.75
9	158095961	158098098	-	transcript:Zm00001d048538_T001	gene:Zm00001d048538	0.12	0.75
9	158799848	158813105	-	transcript:Zm00001d048562_T002	gene:Zm00001d048562	0.20	0.71
9	159040017	159047423	+	transcript:Zm00001d048568_T009	gene:Zm00001d048568	0.28	0.62
9	159531032	159535776	-	transcript:Zm00001d048576_T001	gene:Zm00001d048576	0.13	0.57
9	159272497	159278773	+	transcript:Zm00001d048570_T001	gene:Zm00001d048570	0.42	0.66
9	159282726	159284887	+	transcript:Zm00001d048573_T001	gene:Zm00001d048573	0.44	0.66
9	158521157	158525351	-	transcript:Zm00001d048548_T001	gene:Zm00001d048548	0.40	0.5
9	158534769	158536083	-	transcript:Zm00001d048551_T001	gene:Zm00001d048551	0.24	0.5
9	158621141	158622907	-	transcript:Zm00001d048554_T001	gene:Zm00001d048554	0.43	0.66
